;;;;;;;;;;;;;;;;;;;;;;;;;;;;;;;;;;;;;;;;;;;;;;;;;;;;;;;;;;;;;;;;;;;;;;;;;;;;;;;;;;;;;;;;;;;;;;;;;;;;;;;;;;;;;;;;;;;;;;;;;;;;;;;;;;;;;;;;;;;;;;;;;;;;
Número de denuncias de delitos de mayor incidencia -robo a unidades económicas- según cantón de ocurrencia por ańo y mes (2014 - 2026);;;;;;;;;;;;;;;;;;;;;;;;;;;;;;;;;;;;;;;;;;;;;;;;;;;;;;;;;;;;;;;;;;;;;;;;;;;;;;;;;;;;;;;;;;;;;;;;;;;;;;;;;;;;;;;;;;;;;;;;;;;;;;;;;;;;;;;;;;;;;;;;;;;;
;;;;;;;;;;;;;;;;;;;;;;;;;;;;;;;;;;;;;;;;;;;;;;;;;;;;;;;;;;;;;;;;;;;;;;;;;;;;;;;;;;;;;;;;;;;;;;;;;;;;;;;;;;;;;;;;;;;;;;;;;;;;;;;;;;;;;;;;;;;;;;;;;;;;
Provincia de ocurrencia;Código cantón_DPA;Cantón de ocurrencia;ene-14;feb-14;mar-14;abr-14;may-14;jun-14;jul-14;ago-14;sep-14;oct-14;nov-14;dic-14;ene-15;feb-15;mar-15;abr-15;may-15;jun-15;jul-15;ago-15;sep-15;oct-15;nov-15;dic-15;ene-16;feb-16;mar-16;abr-16;may-16;jun-16;jul-16;ago-16;sep-16;oct-16;nov-16;dic-16;ene-17;feb-17;mar-17;abr-17;may-17;jun-17;jul-17;ago-17;sep-17;oct-17;nov-17;dic-17;ene-18;feb-18;mar-18;abr-18;may-18;jun-18;jul-18;ago-18;sep-18;oct-18;nov-18;dic-18;ene-19;feb-19;mar-19;abr-19;may-19;jun-19;jul-19;ago-19;sep-19;oct-19;nov-19;dic-19;ene-20;feb-20;mar-20;abr-20;may-20;jun-20;jul-20;ago-20;sep-20;oct-20;nov-20;dic-20;ene-21;feb-21;mar-21;abr-21;may-21;jun-21;jul-21;ago-21;sep-21;oct-21;nov-21;dic-21;ene-22;feb-22;mar-22;abr-22;may-22;jun-22;jul-22;ago-22;sep-22;oct-22;nov-22;dic-22;ene-23;feb-23;mar-23;abr-23;may-23;jun-23;jul-23;ago-23;sep-23;oct-23;nov-23;dic-23;ene-24;feb-24;mar-24;abr-24;may-24;jun-24;jul-24;ago-24;sep-24;oct-24;nov-24;dic-24;ene-25;feb-25;mar-25;abr-25;may-25;jun-25;jul-25;ago-25;sep-25;oct-25;nov-25;dic-25;ene-26;feb-26
Azuay;0101;Cuenca;16;12;19;23;25;18;8;22;22;22;17;19;25;19;23;24;22;23;28;17;22;14;16;12;23;16;29;21;13;14;18;14;14;21;18;21;20;13;10;20;25;24;25;14;20;13;19;21;19;18;20;30;16;20;19;17;23;14;18;25;18;29;23;17;30;28;20;27;18;16;18;23;32;13;8;0;8;12;12;14;12;8;10;6;10;8;13;15;14;20;17;21;7;12;10;20;15;11;8;19;24;18;35;14;20;19;14;15;11;11;5;15;10;7;14;6;11;11;14;8;8;7;6;10;14;8;16;10;7;21;19;15;13;9;7;7;9;12;13;8;11;13;9;14;7;7
Azuay;0102;Giron;0;0;1;1;2;0;0;0;1;1;2;0;1;0;0;0;0;0;0;1;2;0;0;0;0;0;0;0;0;1;0;1;0;2;0;0;0;0;0;0;0;0;0;1;0;0;0;0;0;1;0;0;0;0;0;0;0;0;0;0;0;0;0;0;0;0;0;0;0;0;0;0;0;0;0;0;0;0;0;0;0;0;0;0;1;0;0;0;0;0;0;0;0;0;0;0;1;0;0;0;0;0;0;0;0;0;0;0;0;0;0;0;1;0;0;0;0;0;0;0;0;0;1;0;0;0;0;0;1;0;0;0;0;1;0;0;0;0;0;0;0;0;0;0;0;1
Azuay;0103;Gualaceo;1;1;5;1;4;3;0;2;4;2;0;1;5;2;1;1;1;2;0;0;2;0;3;1;0;1;1;1;0;0;2;1;0;2;0;1;0;0;1;0;1;0;1;1;0;2;0;0;0;1;3;2;1;0;0;1;1;1;0;0;0;0;0;0;0;1;1;0;0;0;0;1;1;0;0;0;0;0;2;1;0;1;0;0;0;0;0;1;1;0;1;0;0;1;0;1;1;0;0;1;0;0;0;0;0;1;0;0;0;0;0;0;1;0;0;0;1;1;0;0;0;0;0;1;1;0;1;4;2;0;0;0;0;0;0;0;0;0;1;1;0;1;0;0;1;0
Azuay;0104;Nabon;0;0;0;1;0;0;0;0;0;1;0;0;0;0;0;0;0;0;0;0;0;1;0;1;0;0;0;0;0;0;1;0;0;0;0;0;0;1;0;0;0;0;0;0;0;0;0;0;0;0;0;0;0;0;0;0;0;0;0;0;0;0;0;0;0;0;0;0;0;0;0;0;0;0;0;0;0;0;0;0;0;0;0;0;0;0;0;0;0;0;0;0;0;0;0;0;0;0;0;0;0;0;0;0;0;0;0;1;1;0;0;0;0;0;0;0;0;0;0;0;0;0;0;0;1;0;0;0;0;0;0;1;0;0;0;0;0;2;0;0;0;0;0;0;0;0
Azuay;0105;Paute;3;2;1;1;0;0;0;0;0;0;0;0;1;0;1;0;0;0;0;2;0;0;0;0;0;1;0;0;2;0;0;0;0;1;0;0;0;0;2;0;0;0;0;0;2;0;0;0;0;0;0;0;0;0;0;1;0;0;0;0;0;0;0;0;0;2;0;0;1;0;0;0;0;0;0;0;0;0;1;0;0;0;0;1;1;0;1;0;1;0;0;0;0;0;0;0;0;0;0;0;0;0;0;1;0;0;0;0;0;0;0;0;0;0;0;0;0;0;0;0;0;0;0;0;1;0;0;1;0;1;0;0;0;0;0;0;0;0;0;0;0;0;0;0;0;0
Azuay;0106;Pucara;0;0;0;4;1;0;0;2;0;0;1;0;0;0;1;1;1;0;0;1;0;0;0;0;0;1;0;1;0;0;0;1;1;0;1;0;2;0;0;0;0;1;0;0;0;0;0;0;0;0;0;1;0;0;0;2;1;0;0;1;1;0;0;0;0;0;0;0;2;0;0;0;0;0;0;0;0;0;0;0;0;0;0;0;0;0;0;0;0;0;0;0;0;0;0;0;0;0;0;0;0;0;0;0;0;0;0;0;0;0;0;1;0;0;0;0;1;1;0;0;0;0;0;1;0;0;0;0;0;0;1;0;0;0;0;0;0;0;0;0;0;0;0;0;0;0
Azuay;0107;San Fernando;0;0;0;0;0;0;0;0;0;0;0;1;0;0;0;0;1;1;0;0;0;0;0;0;0;0;0;0;0;0;0;0;0;0;0;0;0;0;0;0;0;0;0;0;0;0;0;0;0;1;0;0;0;0;0;0;0;0;0;0;0;0;0;0;0;0;0;0;0;0;0;0;0;0;0;0;0;0;0;0;0;0;0;0;0;0;0;0;0;0;0;0;0;0;0;0;0;0;0;0;0;0;0;0;0;0;0;0;0;0;0;0;0;0;0;0;0;0;0;0;0;0;0;0;0;0;0;0;0;0;0;0;0;0;0;0;0;0;0;0;0;0;0;0;0;0
Azuay;0108;Santa Isabel;0;0;0;3;1;1;0;0;1;0;0;2;1;0;1;0;0;0;0;0;1;0;1;0;2;0;2;0;1;0;1;0;0;0;0;0;0;0;2;0;0;0;0;0;0;0;1;0;0;0;2;0;0;0;1;1;0;1;0;1;1;1;0;1;0;2;0;1;1;0;0;1;0;0;0;0;0;0;0;0;0;0;0;0;0;0;0;0;0;0;1;0;0;0;0;0;1;0;1;0;1;0;0;0;0;0;0;0;0;0;0;1;1;0;1;0;1;0;0;1;0;0;1;1;1;0;0;1;0;0;0;1;0;1;0;0;0;1;0;0;1;0;1;1;0;0
Azuay;0109;Sigsig;0;1;0;0;0;0;1;0;0;0;0;1;0;0;0;0;0;1;0;0;0;0;1;0;0;0;0;0;0;0;1;0;0;0;0;0;0;0;1;0;0;0;0;0;0;0;0;0;0;0;0;0;0;0;0;0;0;0;0;0;0;0;0;0;0;1;0;0;0;0;0;0;0;1;0;0;0;0;0;0;0;0;0;1;0;0;0;0;0;0;0;0;0;0;0;0;0;0;0;2;0;0;0;0;0;0;0;0;0;0;0;0;0;0;0;0;0;0;0;0;0;0;0;0;0;0;0;0;0;0;0;0;0;0;0;0;0;0;0;0;0;0;0;0;0;0
Azuay;0110;Ońa;0;0;0;0;0;0;0;0;1;0;0;0;0;0;0;0;0;0;0;0;0;0;0;0;0;0;0;0;0;0;0;0;0;0;0;0;0;0;0;0;0;0;0;0;0;0;0;0;0;0;0;0;0;0;0;0;0;0;0;0;0;0;0;0;0;0;0;0;0;0;0;0;0;1;0;0;0;0;0;0;0;0;0;0;0;0;0;0;0;0;0;0;1;0;0;0;0;0;0;0;0;0;0;0;0;0;0;0;0;0;0;0;0;0;0;0;0;0;0;0;0;0;0;0;0;0;0;0;0;0;0;0;0;0;0;0;0;0;0;0;0;0;0;0;0;0
Azuay;0111;Chordeleg;0;0;0;0;0;0;0;0;0;0;0;0;0;0;0;0;0;0;0;0;0;0;1;0;0;0;0;0;0;0;0;0;1;0;0;0;0;0;0;0;0;0;0;0;0;0;0;0;0;0;0;0;0;0;0;0;0;0;0;0;0;0;0;0;0;0;0;0;0;0;0;0;0;0;0;0;0;0;1;0;0;0;0;0;0;0;0;0;0;0;1;1;0;0;0;0;0;0;0;0;0;0;0;0;0;0;0;0;0;0;0;0;0;0;0;0;0;0;0;0;0;1;0;0;0;0;0;0;0;0;0;0;0;0;0;0;0;0;0;0;0;0;0;0;0;0
Azuay;0112;El Pan;0;0;0;0;0;0;0;0;0;0;0;0;0;0;0;0;0;0;0;0;0;0;0;0;0;0;0;0;0;0;0;0;0;0;0;0;0;1;0;0;0;0;0;0;0;0;0;0;0;0;0;0;0;0;0;0;0;0;0;0;0;0;0;0;0;0;0;0;0;0;0;0;0;0;0;0;0;0;0;0;0;0;0;0;0;0;0;0;0;0;0;0;0;0;0;0;0;0;0;0;0;0;0;0;0;0;0;0;0;0;0;0;0;0;0;0;0;0;0;0;0;0;0;0;0;0;0;0;0;0;0;0;0;0;0;0;0;0;0;0;0;0;0;0;0;0
Azuay;0113;Sevilla De Oro;0;1;0;1;0;0;0;0;0;0;0;0;0;0;0;0;0;0;0;0;1;0;0;0;0;0;0;0;0;0;0;0;0;0;0;0;0;0;0;0;0;0;0;0;0;0;0;0;0;0;0;0;0;0;0;0;0;0;0;0;0;0;0;0;0;0;0;0;0;0;0;0;0;0;0;0;0;0;0;0;0;0;0;0;0;0;0;0;0;0;0;0;0;0;0;0;0;0;0;0;0;0;0;0;0;0;0;0;0;0;0;0;0;0;0;0;0;0;0;0;0;0;0;0;0;0;0;0;0;0;0;0;0;0;0;0;0;0;0;0;0;0;0;0;0;0
Azuay;0114;Guachapala;0;0;0;0;0;0;0;0;0;0;0;0;0;0;0;0;0;0;0;0;0;0;0;0;0;0;0;0;0;0;0;0;0;0;0;0;0;0;0;0;0;0;0;0;0;0;0;0;0;0;0;0;0;0;0;0;0;0;0;0;0;0;0;0;0;0;0;0;0;0;0;0;0;0;0;0;0;0;0;0;0;0;0;0;0;0;0;0;0;0;0;0;0;0;0;0;0;0;0;0;0;1;0;0;0;0;0;0;0;0;0;0;0;0;0;0;0;0;0;0;0;0;0;0;0;0;0;0;1;0;0;0;0;0;0;0;0;0;0;0;0;0;0;0;0;0
Azuay;0115;Camilo Ponce Enriquez;3;3;3;4;2;1;2;2;3;2;1;2;2;0;2;1;3;1;1;4;2;2;2;4;0;6;2;2;1;1;3;1;1;1;0;1;1;2;3;4;3;1;2;0;0;1;0;2;0;0;1;2;5;0;2;3;1;2;1;3;3;0;1;0;3;0;3;0;0;4;2;1;3;2;0;0;0;1;0;1;2;1;3;1;2;2;3;0;3;1;3;3;1;0;0;3;2;1;0;0;1;2;1;3;1;3;0;3;0;1;3;3;1;2;0;1;1;0;1;1;0;1;0;1;1;0;0;1;2;0;1;0;1;0;1;0;2;0;0;0;0;1;0;0;0;0
Bolívar;0201;Guaranda;3;0;2;1;1;1;2;0;1;3;1;1;0;1;2;1;1;1;1;1;1;3;0;5;1;1;2;0;1;1;2;0;1;1;2;0;0;1;3;0;2;1;1;0;0;1;1;1;1;0;3;0;0;0;0;0;1;0;3;1;0;0;1;0;2;1;0;1;1;1;1;0;1;1;1;1;1;0;0;1;0;0;0;0;0;0;2;1;0;1;3;0;1;0;0;3;0;0;1;1;0;0;1;1;1;0;1;2;2;1;3;1;1;1;1;0;0;0;0;1;0;0;0;1;0;0;0;2;0;0;0;1;1;1;0;1;1;1;0;0;0;0;0;0;0;0
Bolívar;0202;Chillanes;0;0;0;0;0;0;0;1;0;0;0;1;0;1;0;0;0;0;0;0;2;0;1;0;0;0;0;0;0;0;0;0;0;0;0;0;0;0;0;0;0;1;0;0;0;0;0;0;0;0;0;0;0;0;2;0;0;0;0;0;0;0;0;0;0;0;0;0;0;0;0;0;0;0;1;0;0;1;0;0;0;0;0;0;0;0;0;0;0;0;0;0;0;0;0;0;0;1;0;1;0;0;0;0;0;0;2;0;0;0;0;0;0;1;0;0;0;0;0;0;0;0;0;0;0;0;0;0;0;0;0;0;0;0;0;0;0;0;0;0;0;0;0;0;0;0
Bolívar;0203;Chimbo;0;0;0;0;0;0;1;0;1;0;0;1;0;0;0;0;1;0;0;0;0;0;0;0;0;0;0;0;0;0;0;0;0;0;0;0;0;0;0;0;0;0;0;0;0;0;1;0;0;0;0;0;0;0;0;0;0;0;0;0;0;0;0;1;2;0;1;0;0;0;0;0;1;0;0;1;0;0;0;0;0;0;0;0;0;0;0;0;2;0;0;0;0;1;0;0;0;0;0;0;0;0;0;0;0;0;0;1;0;0;0;0;0;0;0;0;0;0;0;0;0;1;0;0;0;0;0;0;1;0;1;0;1;0;0;0;0;0;0;0;0;0;0;1;0;0
Bolívar;0204;Echeandia;0;1;1;0;0;0;0;0;0;0;0;0;0;0;0;0;0;0;0;0;1;0;0;1;1;1;1;0;0;1;0;0;0;0;0;0;1;0;3;0;0;0;0;0;0;0;1;0;1;0;0;0;0;0;0;0;1;0;0;0;0;0;0;0;0;0;0;1;1;1;0;1;0;0;0;0;0;0;1;0;0;0;0;0;0;0;0;1;0;0;0;0;0;0;0;1;1;0;0;0;0;0;0;1;0;0;0;0;0;0;0;0;0;0;0;0;0;0;0;0;0;0;0;0;0;0;0;0;0;0;0;0;0;0;0;0;0;0;1;0;0;0;0;0;0;0
Bolívar;0205;San Miguel;1;0;1;0;0;0;0;0;1;0;0;0;0;0;0;0;0;0;0;0;1;0;0;0;1;0;0;0;0;1;0;1;0;0;0;0;0;0;2;0;0;0;0;0;0;0;0;1;0;0;3;1;0;0;1;0;0;0;0;0;2;0;0;0;0;0;0;0;1;1;0;0;0;0;0;0;0;0;0;0;0;0;0;0;0;0;0;0;0;0;0;1;2;0;0;0;0;0;0;1;0;1;0;0;0;0;0;0;0;1;0;0;0;0;0;0;0;0;0;0;0;0;0;0;0;0;0;0;0;0;0;0;0;0;0;0;0;0;1;0;0;0;0;0;0;0
Bolívar;0206;Caluma;0;0;0;0;0;0;0;0;0;0;0;0;0;0;1;0;1;0;2;0;1;0;0;1;0;2;0;0;0;0;0;0;0;1;0;0;0;0;1;0;0;0;0;1;1;0;0;0;2;2;0;0;1;0;0;0;0;0;2;2;1;0;0;0;0;0;0;1;1;0;0;0;0;0;0;0;0;0;0;1;0;0;0;0;0;1;1;0;0;0;1;0;0;0;2;0;0;0;0;0;1;0;0;1;0;0;0;0;0;0;0;0;0;0;0;0;0;0;0;0;0;0;0;0;0;0;0;0;0;0;0;0;0;0;0;0;0;0;0;0;0;0;0;0;0;0
Bolívar;0207;Las Naves;0;0;0;0;0;0;0;0;0;0;0;0;0;0;0;0;0;0;0;0;1;0;0;0;1;0;0;0;0;0;0;0;0;0;0;0;0;0;0;0;0;0;0;0;0;0;0;0;0;0;0;0;0;0;0;0;0;0;0;1;0;0;0;0;0;0;0;0;0;0;0;0;1;0;0;0;0;0;0;0;0;0;0;0;0;0;0;0;0;0;0;0;0;0;0;0;0;0;0;0;0;0;0;0;0;0;0;0;0;0;0;0;0;0;1;0;0;0;0;0;0;0;0;0;0;0;0;0;0;0;0;1;0;0;0;0;0;0;0;0;0;1;0;0;0;0
Cańar;0301;Azogues;2;3;1;2;5;1;2;1;3;4;1;4;0;0;4;3;2;2;4;0;1;0;1;2;3;3;2;2;4;1;1;3;0;0;3;3;1;1;1;1;1;6;2;8;3;4;3;1;3;2;3;2;0;3;3;1;0;1;0;0;1;3;1;3;0;4;2;0;3;0;0;2;3;1;3;0;0;1;0;0;0;0;0;2;3;1;1;0;3;2;1;0;3;4;6;4;1;3;1;3;3;4;0;2;5;6;6;0;2;0;0;1;2;1;2;3;4;1;2;0;2;1;1;2;3;2;1;3;0;6;4;2;3;1;0;1;1;0;2;0;2;0;1;1;0;0
Cańar;0302;Biblian;0;1;0;0;0;0;0;1;0;0;0;0;1;0;0;0;0;0;1;0;1;1;0;1;0;1;0;0;1;0;1;0;0;0;0;0;0;0;1;0;4;3;0;1;0;1;0;0;1;2;0;1;0;0;0;0;0;0;0;0;0;0;0;0;0;0;0;0;0;0;0;0;1;0;0;0;0;0;0;0;1;0;0;0;0;0;0;0;0;0;1;0;1;0;0;0;0;0;1;1;1;0;0;0;0;0;0;0;1;0;0;1;0;0;0;0;0;0;1;0;1;0;0;1;1;0;0;1;0;0;2;0;0;0;0;0;0;0;0;0;0;1;0;0;0;0
Cańar;0303;Cańar;0;2;1;1;0;1;0;1;1;0;1;0;0;0;1;0;1;0;0;0;0;3;2;0;0;0;1;2;0;0;0;0;0;0;0;0;0;0;1;0;3;0;2;1;1;0;0;1;1;1;1;0;1;0;1;0;0;0;0;0;1;1;0;0;0;1;0;0;0;0;0;0;0;0;0;0;0;0;2;0;0;1;0;0;0;1;0;0;0;0;0;1;0;0;0;0;0;1;5;1;0;0;0;0;0;0;0;2;0;1;0;0;1;0;0;0;0;0;0;0;1;0;1;1;0;1;0;0;0;0;0;0;0;2;0;0;1;0;3;0;0;1;0;0;0;0
Cańar;0304;La Troncal;1;2;7;5;4;2;3;5;6;1;4;0;3;2;3;2;5;0;3;0;0;3;3;2;2;2;3;2;3;1;4;2;1;0;1;1;2;1;0;0;5;3;3;3;3;3;3;2;1;1;0;2;1;1;3;3;4;1;2;5;2;1;3;1;3;1;1;1;1;3;2;1;3;2;1;0;0;0;2;1;1;3;3;1;2;4;2;1;0;3;6;4;2;1;2;3;3;6;8;6;1;1;4;3;3;3;5;4;2;0;3;3;0;1;1;0;1;1;4;0;2;0;4;2;5;1;3;1;0;0;4;2;1;1;0;0;1;0;2;0;1;2;2;0;0;1
Cańar;0305;El Tambo;0;0;0;1;0;0;0;0;0;0;0;0;1;0;0;0;0;0;0;0;0;0;0;0;0;0;0;0;0;0;0;0;0;0;0;0;0;0;0;0;0;0;0;0;0;0;0;0;1;0;0;0;0;0;1;0;0;0;2;1;0;0;1;2;0;0;0;0;0;0;0;0;0;0;0;0;0;0;0;0;0;0;0;0;0;0;0;0;0;0;0;1;0;1;0;0;0;0;0;0;0;0;0;0;0;1;0;0;0;0;0;0;0;0;0;0;0;0;0;0;0;0;0;0;0;0;0;0;0;1;0;0;0;0;0;0;0;0;0;0;0;0;0;0;0;0
Cańar;0306;Deleg;0;0;0;0;0;0;0;0;0;0;0;0;0;0;0;0;0;0;1;0;0;0;0;0;0;0;0;0;0;0;0;0;0;0;0;0;0;0;0;0;0;0;0;0;0;0;0;0;0;0;0;0;0;0;0;0;0;0;0;0;0;0;0;0;0;0;0;0;0;0;0;0;0;0;0;0;0;0;0;0;0;0;0;0;0;0;0;0;0;0;0;0;0;0;0;0;0;0;0;0;0;0;0;0;0;0;0;0;0;0;0;0;0;0;0;0;0;0;0;0;0;0;0;0;0;0;0;0;0;0;0;0;0;0;0;0;1;0;1;0;1;1;0;0;0;0
Cańar;0307;Suscal;0;0;0;0;0;0;0;0;0;0;0;0;0;0;0;0;0;0;0;0;0;0;0;0;0;0;0;0;0;0;0;0;0;0;0;0;0;0;0;0;0;0;0;0;0;0;0;0;0;0;0;0;0;0;0;0;0;0;0;0;0;0;0;0;0;0;0;0;0;0;0;0;0;0;0;0;0;0;0;0;0;0;0;0;0;0;0;0;0;0;0;0;0;0;0;0;0;0;0;0;0;0;0;0;0;0;0;0;0;0;0;0;0;0;0;0;0;0;0;0;0;0;0;0;0;0;0;0;0;0;0;0;0;0;0;0;0;0;0;0;0;0;0;0;0;0
Carchi;0401;Tulcan;1;3;2;3;4;2;2;4;5;6;1;2;3;3;2;1;5;1;3;2;2;4;0;2;5;2;1;3;1;0;0;2;3;1;2;2;0;0;3;0;2;2;0;1;1;1;1;4;1;1;2;0;1;1;0;2;2;1;0;0;3;1;2;2;0;1;1;2;1;0;0;2;3;1;0;2;0;2;0;1;1;0;2;2;3;5;4;1;1;2;2;2;1;1;3;3;3;0;1;1;2;0;2;1;2;0;1;3;0;1;1;3;1;1;1;1;0;1;1;1;5;5;0;0;1;1;0;1;1;2;1;0;0;0;2;0;1;0;0;0;0;1;3;1;0;1
Carchi;0402;Bolivar;0;0;0;0;1;0;0;0;0;0;1;1;1;0;0;0;0;0;0;1;0;0;0;0;0;0;0;0;1;0;1;0;0;0;0;0;0;0;0;0;0;0;0;0;0;0;0;1;0;1;0;0;1;0;1;0;0;0;0;1;0;0;0;0;0;0;0;0;0;0;0;0;0;0;0;0;0;0;0;0;0;0;0;0;0;0;0;0;0;0;0;0;0;0;0;0;0;1;1;0;0;0;0;0;0;0;0;0;1;0;0;0;0;0;0;0;1;1;0;0;0;0;1;0;0;0;0;0;1;0;0;0;0;0;0;0;0;0;0;0;0;0;0;0;0;0
Carchi;0403;Espejo;0;0;1;0;0;0;0;0;0;0;0;0;0;1;0;0;0;0;1;0;2;0;1;0;1;0;0;0;0;0;0;2;0;0;0;0;0;0;0;0;0;0;0;0;0;1;0;0;0;0;0;0;0;0;1;0;0;0;0;0;0;1;0;0;0;0;0;1;1;1;0;1;0;0;0;0;0;0;0;0;0;0;0;0;0;0;0;1;2;0;1;0;1;0;0;0;0;0;0;0;0;0;0;0;0;0;0;1;0;0;0;1;0;0;0;0;1;1;1;0;0;0;0;0;0;1;0;0;0;0;0;0;1;0;0;0;0;0;0;0;0;0;0;1;0;0
Carchi;0404;Mira;0;0;0;0;0;0;0;0;0;0;0;0;0;0;0;0;0;0;0;1;0;0;0;0;0;0;0;0;1;0;0;0;0;0;0;0;0;0;0;0;0;0;0;0;0;0;0;0;0;0;0;0;0;0;0;0;0;0;0;0;0;0;0;0;0;1;0;0;0;0;0;0;0;0;0;0;0;0;0;0;0;0;0;0;0;0;0;0;0;0;0;0;0;0;0;0;0;0;0;1;0;0;0;0;0;0;0;0;0;0;0;1;0;0;0;0;0;0;0;1;0;0;0;0;0;0;0;0;1;0;0;0;0;0;0;0;0;0;0;0;0;0;0;0;0;0
Carchi;0405;Montufar;1;0;0;3;1;0;1;0;0;3;1;0;0;0;0;1;0;1;2;0;0;0;0;0;0;0;1;0;0;0;0;1;0;0;0;1;0;0;0;0;0;2;0;0;0;1;0;0;0;0;0;0;0;0;0;1;0;0;0;0;0;0;0;0;0;1;0;1;2;0;0;1;1;0;0;0;0;0;0;1;0;1;0;0;0;0;0;1;0;0;0;0;0;0;0;0;0;0;1;0;0;0;0;0;1;0;0;1;1;1;0;1;0;0;1;0;0;0;0;0;1;0;0;0;1;1;1;0;0;0;1;0;0;0;1;0;1;0;0;0;1;0;1;0;1;1
Carchi;0406;San Pedro De Huaca;0;0;0;0;0;0;0;0;0;0;0;0;0;0;0;0;0;0;0;0;0;0;0;0;0;1;0;2;1;0;0;0;0;0;0;0;0;0;0;0;1;0;0;0;0;0;0;0;0;0;1;0;0;0;0;0;0;0;0;0;0;0;0;0;0;0;0;0;0;0;0;0;0;0;0;0;0;0;0;1;0;0;0;0;0;0;0;0;0;0;0;0;0;0;0;0;1;0;0;0;0;0;1;0;0;0;0;0;0;0;0;3;0;0;0;0;0;0;0;0;0;0;1;0;0;0;0;0;0;0;0;0;0;0;0;0;0;0;0;0;0;0;0;0;0;0
Cotopaxi;0501;Latacunga;7;7;12;15;11;7;7;6;9;7;9;9;14;7;6;5;6;4;4;10;1;10;7;3;3;4;8;6;4;3;8;5;4;5;3;5;2;8;12;5;3;9;2;8;3;6;3;4;5;5;5;9;4;3;8;5;7;5;2;1;4;4;9;8;5;5;3;7;6;12;7;5;4;6;6;3;0;3;3;5;5;0;3;4;7;5;1;1;0;3;6;3;2;2;3;7;5;3;2;5;8;4;6;4;5;6;0;1;4;1;0;1;3;5;2;1;1;1;2;3;2;0;4;1;2;2;2;4;2;0;2;5;4;1;1;3;2;1;3;2;3;2;4;0;4;0
Cotopaxi;0502;La Mana;5;4;1;2;1;2;1;0;1;2;2;0;4;4;2;1;3;1;0;0;4;1;1;4;0;3;4;1;2;5;3;1;1;1;1;2;0;0;0;2;2;0;2;0;2;0;0;2;3;0;2;2;0;0;0;1;0;2;1;0;2;1;0;2;3;1;2;1;0;3;1;1;2;0;0;0;0;0;0;0;1;0;0;0;1;1;1;2;0;0;1;0;2;1;1;4;1;4;1;0;0;0;1;1;2;1;0;0;1;2;5;2;0;0;2;0;0;1;0;0;1;1;0;1;1;0;0;0;1;0;1;2;0;1;1;1;0;0;1;0;0;1;1;0;1;0
Cotopaxi;0503;Pangua;0;0;0;0;1;0;0;0;1;0;0;0;0;0;0;0;0;0;0;0;0;0;0;0;0;0;0;0;0;0;0;0;0;0;0;1;0;0;0;0;0;0;0;0;0;0;0;0;0;0;0;0;0;0;0;0;0;0;0;0;0;1;0;0;0;0;0;0;0;0;0;0;1;0;0;0;0;0;0;0;0;0;0;0;0;1;0;0;0;0;0;0;0;0;0;0;0;0;0;0;0;0;0;0;0;0;0;0;0;0;0;0;1;0;0;0;0;1;0;0;1;0;1;0;1;0;0;0;0;0;0;0;0;0;0;0;0;0;0;0;0;0;0;0;0;0
Cotopaxi;0504;Pujili;2;1;5;2;0;0;0;0;2;2;1;3;0;0;0;1;0;0;1;0;0;0;0;4;2;1;0;0;2;1;1;0;1;0;0;0;0;0;1;0;0;0;1;1;0;0;0;0;0;1;0;0;0;0;0;1;0;1;0;0;0;0;0;1;0;0;1;1;1;0;1;0;4;0;0;0;0;0;2;1;1;0;1;1;0;0;1;0;0;2;0;1;0;0;0;2;0;0;0;0;0;0;0;0;0;1;2;0;0;1;0;0;0;0;0;0;0;1;0;0;0;1;0;0;0;0;0;1;0;0;0;1;1;0;2;0;0;0;0;1;0;0;1;1;0;0
Cotopaxi;0505;Salcedo;1;2;0;3;3;3;0;1;4;2;1;0;3;1;1;1;1;1;1;0;0;2;1;3;4;2;1;0;2;3;5;2;2;1;0;0;5;0;3;0;0;0;1;1;3;1;1;0;2;3;2;0;2;3;1;1;3;2;1;2;1;2;3;0;0;1;1;0;6;3;1;2;1;4;0;0;0;0;0;0;1;2;0;1;1;1;0;0;0;0;0;2;1;1;0;0;0;1;3;1;1;0;0;0;0;1;0;1;0;0;0;0;0;0;0;1;0;0;1;0;1;2;0;0;2;0;0;0;0;0;2;1;1;1;0;0;0;0;0;0;0;1;0;0;0;0
Cotopaxi;0506;Saquisili;0;0;0;1;1;0;0;0;3;0;3;1;3;0;1;0;0;0;2;0;0;1;0;1;0;0;1;1;0;0;1;1;0;0;0;0;0;0;0;1;0;0;0;0;0;0;0;0;0;0;0;0;0;0;0;0;0;0;0;0;1;1;1;1;0;0;0;0;0;0;0;0;0;1;1;0;0;0;0;0;0;0;0;0;1;0;0;0;0;0;0;0;0;0;0;0;0;0;1;0;0;0;0;1;0;1;0;0;0;0;0;0;0;0;0;0;0;0;0;0;0;0;0;0;0;0;0;0;0;1;0;0;0;0;0;0;0;0;0;1;0;2;1;0;0;0
Cotopaxi;0507;Sigchos;0;1;0;1;0;0;1;0;0;0;0;0;0;0;1;0;0;0;0;1;0;0;0;0;0;0;0;0;0;1;0;0;0;0;0;1;0;1;0;0;0;0;0;0;0;0;0;1;0;0;0;0;0;0;0;0;0;0;0;0;0;0;0;0;0;0;0;0;0;0;0;0;0;0;0;0;0;0;0;0;0;0;0;0;0;0;1;0;0;0;0;0;1;0;0;0;0;0;0;0;0;0;0;0;0;1;0;0;0;0;0;0;0;0;1;0;0;0;0;0;0;0;0;0;0;0;0;0;0;0;0;0;0;0;0;0;0;0;0;0;0;0;0;0;0;0
Chimborazo;0601;Riobamba;19;13;18;15;13;10;16;7;12;6;6;10;8;12;7;3;11;5;8;10;11;20;21;14;10;11;9;5;7;6;9;4;10;8;7;1;10;10;9;8;16;7;6;14;8;4;12;3;8;7;4;2;5;4;8;17;10;6;11;9;11;15;4;3;9;1;9;7;10;8;11;5;10;6;2;4;1;4;3;2;5;2;7;10;14;7;9;14;7;10;10;5;7;12;6;11;5;5;7;6;4;5;10;12;8;8;7;2;4;7;9;1;3;7;11;2;5;6;5;3;3;3;3;3;3;4;3;0;5;12;6;1;6;2;3;5;3;4;1;1;4;4;3;5;4;4
Chimborazo;0602;Alausi;0;1;0;0;0;0;0;0;1;0;0;1;0;0;1;2;1;0;1;0;1;0;0;0;3;1;1;3;0;1;0;1;1;0;1;0;0;0;1;0;2;0;0;0;1;0;0;0;0;0;0;0;0;0;0;0;0;0;0;0;0;0;0;0;0;0;0;0;0;0;0;0;0;0;1;0;0;0;0;0;0;0;1;0;0;0;1;0;0;0;0;0;1;0;0;0;0;0;0;2;0;0;1;1;0;0;1;0;0;0;0;0;0;0;1;1;0;0;0;0;0;0;0;0;0;0;0;0;0;3;0;0;0;0;0;0;0;0;0;0;0;0;0;0;1;0
Chimborazo;0603;Colta;0;0;0;0;0;0;0;1;0;0;0;0;0;0;1;0;0;0;0;0;1;2;1;0;0;0;1;0;0;0;0;0;1;1;0;0;0;0;2;0;0;0;0;0;0;0;0;0;0;0;0;0;0;0;0;0;0;0;1;0;0;0;0;0;0;0;0;0;0;0;0;0;0;0;0;0;0;0;0;0;0;0;1;0;0;0;0;1;1;0;0;1;0;0;0;0;0;0;0;0;0;0;0;0;0;1;0;0;0;0;0;0;0;0;0;0;0;0;0;0;0;0;0;0;0;0;0;0;1;0;0;0;0;0;0;0;0;0;1;0;0;0;0;0;0;0
Chimborazo;0604;Chambo;1;0;0;0;0;0;0;1;0;0;0;0;2;1;1;0;0;0;0;0;1;0;1;0;0;0;0;0;0;0;0;0;0;0;0;0;0;0;0;0;0;0;0;1;0;0;0;0;0;0;1;0;0;0;0;0;0;0;0;0;1;0;0;0;0;0;0;1;0;0;0;0;0;0;0;0;0;0;0;0;0;0;0;0;0;0;0;0;0;0;0;1;0;0;0;0;0;0;0;0;0;0;0;0;0;0;0;0;0;0;0;0;0;0;0;0;0;0;0;0;0;2;0;0;0;0;0;0;0;0;0;0;0;0;0;0;0;0;0;0;0;0;0;0;0;0
Chimborazo;0605;Chunchi;0;0;1;0;0;0;2;0;1;1;1;0;1;0;2;0;0;0;0;1;0;0;1;1;0;0;0;0;1;0;0;0;0;0;0;0;0;0;0;0;0;0;0;0;0;0;0;1;0;0;0;0;0;0;0;0;0;0;1;0;0;0;0;0;0;0;0;0;0;1;0;0;0;0;0;0;0;0;0;0;0;0;0;0;0;0;0;0;0;0;0;0;0;0;0;0;0;0;0;0;0;0;0;0;0;0;0;0;0;0;0;0;0;1;0;0;0;0;0;0;0;0;0;0;0;0;0;0;0;0;0;0;0;0;0;0;0;0;0;0;0;0;0;0;0;0
Chimborazo;0606;Guamote;0;1;0;0;1;1;0;2;0;1;0;0;0;2;0;1;0;1;0;0;1;0;0;1;0;0;0;0;0;0;1;1;1;0;0;0;0;0;0;0;0;0;0;0;0;0;0;0;0;0;0;0;0;0;0;0;0;0;0;0;0;0;0;0;0;0;0;0;0;0;0;0;0;0;0;0;0;0;0;0;0;0;0;0;0;0;0;0;0;0;0;0;0;0;0;0;0;0;0;0;0;0;0;0;0;0;0;0;0;1;0;0;0;0;1;0;0;0;0;0;0;0;0;0;0;1;0;0;0;0;0;0;0;0;0;0;0;1;0;0;1;0;0;0;0;0
Chimborazo;0607;Guano;0;0;0;0;0;1;0;0;1;0;0;3;0;0;0;0;1;1;0;0;0;3;0;1;2;1;0;0;0;0;0;0;1;4;3;0;0;0;0;0;1;0;1;0;0;0;2;0;0;0;0;0;0;0;0;0;0;0;0;0;0;0;1;0;0;0;0;0;0;0;0;0;0;0;0;1;0;0;2;0;0;0;0;0;0;1;1;0;1;0;0;0;0;0;0;0;0;2;0;1;0;0;0;0;0;0;1;0;0;0;1;0;0;1;1;0;0;1;0;3;0;0;1;1;0;1;0;1;0;0;0;0;0;0;2;1;0;0;0;0;0;1;0;1;0;0
Chimborazo;0608;Pallatanga;0;0;0;1;1;1;0;0;0;0;0;0;0;0;0;0;2;0;0;0;0;0;0;0;1;0;1;0;0;0;0;0;1;1;0;0;0;0;0;0;1;0;0;0;0;0;0;0;1;0;0;0;0;0;0;0;1;0;0;0;0;0;0;0;0;0;0;0;0;0;0;0;1;0;0;0;0;0;0;0;0;0;0;0;0;0;0;0;1;0;0;0;0;1;0;1;0;0;0;0;1;0;0;0;0;0;0;1;0;0;0;0;0;0;0;0;0;0;0;0;0;0;0;0;0;0;0;0;0;0;0;0;0;0;0;0;0;0;1;2;0;0;0;1;0;0
Chimborazo;0609;Penipe;0;0;0;0;0;0;0;0;0;0;0;0;1;1;1;0;0;0;0;0;1;0;0;0;0;0;0;1;1;0;1;0;0;0;0;0;1;1;0;0;0;0;1;0;0;0;0;0;0;0;0;0;0;0;0;0;0;0;1;0;0;0;0;0;0;0;0;0;0;0;0;1;0;0;0;0;0;0;0;0;0;0;0;0;0;0;0;0;0;0;0;0;0;0;0;0;0;0;0;0;0;0;0;0;0;0;0;0;0;0;0;0;0;0;0;0;0;0;0;0;0;0;0;0;0;0;0;0;0;0;0;0;0;0;0;0;0;0;0;0;0;0;0;0;0;0
Chimborazo;0610;Cumanda;0;0;1;1;0;2;0;1;1;2;0;0;1;0;0;0;2;0;0;0;0;0;0;0;0;1;0;0;0;0;0;2;0;0;1;0;2;0;0;0;0;0;0;0;0;0;0;0;0;0;1;0;0;0;0;0;0;0;1;0;0;1;0;2;1;0;0;0;1;0;2;0;0;0;2;0;0;0;0;0;0;0;0;2;0;1;0;0;0;1;1;0;2;2;1;3;3;1;1;1;0;0;0;1;0;1;3;0;0;0;0;0;0;0;0;1;0;1;0;0;0;0;0;0;0;0;0;0;2;0;1;0;0;0;0;0;0;0;0;0;1;0;0;0;0;0
El Oro;0701;Machala;14;14;6;16;12;12;25;9;15;8;11;14;17;12;24;22;14;13;21;17;14;17;18;16;10;12;13;13;13;8;16;12;14;15;13;10;8;9;20;18;12;18;26;24;14;22;23;14;9;9;19;12;13;11;11;13;22;11;16;22;13;14;27;12;17;16;20;15;16;12;20;18;10;16;13;9;14;12;8;13;11;5;9;10;8;9;11;4;5;14;7;8;6;8;8;10;23;15;11;13;18;21;13;8;8;14;21;19;30;22;40;21;20;25;28;22;22;24;33;12;17;17;17;16;14;9;11;18;14;11;12;12;10;10;10;4;12;9;8;2;10;5;10;4;6;12
El Oro;0702;Arenillas;3;1;1;1;2;1;2;2;0;0;2;1;2;2;0;2;0;3;0;2;4;1;1;1;0;1;1;1;0;1;2;3;1;1;2;1;0;3;3;2;1;2;1;2;1;4;3;1;5;1;1;2;0;0;3;2;0;1;2;3;2;1;3;1;1;2;2;2;2;3;4;0;0;0;1;2;0;3;1;0;0;0;2;1;0;0;0;0;1;1;0;2;1;2;0;4;3;1;1;1;1;3;0;0;0;3;0;2;1;0;2;1;4;5;2;0;2;1;0;1;3;0;1;0;0;0;1;2;3;0;2;0;0;1;2;2;1;1;0;0;1;0;1;1;0;1
El Oro;0703;Atahualpa;0;0;0;0;0;0;0;0;0;0;0;0;0;0;0;0;0;0;0;0;0;0;0;1;1;0;0;0;0;0;0;0;0;0;0;0;0;0;0;0;1;0;0;0;0;0;0;0;0;0;0;0;0;0;0;0;0;0;0;0;0;0;0;0;0;0;0;0;0;0;0;0;0;0;0;0;0;0;0;0;0;0;0;0;0;0;0;0;0;0;0;0;0;0;0;0;0;0;0;0;0;1;1;0;0;0;0;0;0;0;0;0;0;0;1;0;0;0;0;0;0;0;0;0;0;0;0;0;0;0;0;0;0;0;0;0;0;0;0;0;0;0;0;0;0;0
El Oro;0704;Balsas;0;0;0;0;0;0;0;0;0;0;0;0;1;0;0;0;0;0;0;1;0;0;0;0;2;0;0;0;0;0;0;1;0;1;0;0;0;0;0;0;0;0;0;0;0;0;0;0;0;0;0;1;0;0;0;0;0;0;0;0;1;0;0;0;0;0;0;0;0;0;0;0;0;0;0;0;1;0;0;0;0;0;0;0;0;0;0;0;0;0;0;0;0;0;0;0;0;0;0;0;0;1;0;0;0;0;0;1;0;1;3;0;0;0;0;1;1;0;0;0;0;0;0;0;0;0;1;0;0;0;0;0;1;0;1;0;0;0;0;0;0;0;0;0;0;0
El Oro;0705;Chilla;0;0;0;0;0;0;0;0;0;0;0;0;1;0;0;0;0;0;0;0;0;0;0;0;0;0;0;0;0;0;0;0;0;0;0;0;0;0;0;0;0;0;0;0;0;0;0;0;0;0;0;0;0;0;0;0;0;0;0;0;0;0;0;0;0;0;0;0;0;0;0;0;0;0;0;0;0;0;0;0;0;0;0;0;0;0;0;0;0;0;0;0;0;0;0;0;0;0;0;0;0;0;0;0;0;0;0;0;0;0;0;0;0;0;0;0;0;0;0;0;0;0;0;0;0;0;0;0;0;0;0;0;0;0;0;0;0;0;0;0;0;0;0;0;0;0
El Oro;0706;El Guabo;1;1;2;1;6;0;0;0;1;3;4;2;1;2;2;2;1;3;2;4;1;4;1;1;0;3;2;4;3;1;2;4;2;0;5;3;5;1;1;2;0;1;1;1;0;3;2;1;3;4;0;2;2;1;2;2;2;2;2;1;3;3;1;1;1;0;0;3;0;1;0;2;3;3;0;2;2;0;3;0;0;2;4;2;1;2;3;1;0;0;1;1;1;1;4;1;2;0;1;3;1;2;1;3;0;4;2;3;2;3;2;2;2;0;0;0;0;3;0;1;1;1;2;2;2;1;3;1;2;2;1;2;0;0;2;0;1;1;0;2;2;2;1;0;0;0
El Oro;0707;Huaquillas;5;5;4;7;1;6;2;5;4;1;3;3;4;1;5;6;5;3;4;6;3;6;2;3;4;4;6;4;3;1;1;5;5;4;4;3;5;4;9;5;0;4;2;1;2;4;1;0;5;3;10;5;4;10;6;3;3;7;3;6;2;3;0;2;3;2;4;1;3;4;5;1;1;4;2;2;0;1;5;2;0;1;1;0;2;0;0;2;1;0;1;1;0;1;1;3;1;1;0;2;3;0;0;2;5;1;2;2;5;4;4;1;3;4;3;4;3;2;1;2;3;2;2;3;3;0;4;2;1;3;1;1;1;1;1;2;0;1;0;0;0;1;1;0;1;0
El Oro;0708;Marcabeli;0;0;0;0;0;0;0;0;0;0;0;1;0;0;0;0;0;0;0;0;0;0;0;0;0;0;0;0;0;0;0;0;0;0;0;0;0;0;0;0;0;0;0;0;0;0;0;0;0;0;0;0;0;0;0;0;1;1;0;0;0;0;0;0;0;0;0;0;0;0;1;0;0;0;0;0;0;0;0;0;0;0;0;0;0;0;0;0;0;0;0;0;0;0;0;0;0;0;0;0;1;0;0;0;0;0;0;0;1;0;0;0;1;0;0;0;0;1;0;0;0;0;0;0;0;0;0;0;0;1;0;0;0;0;0;0;0;0;0;0;0;0;2;0;0;0
El Oro;0709;Pasaje;5;4;9;6;2;4;2;1;7;4;1;5;2;1;5;1;1;9;6;9;4;6;5;4;3;2;5;4;3;6;7;6;5;2;5;0;3;3;8;0;6;4;4;6;4;11;6;4;3;5;7;3;6;4;2;6;4;3;3;2;6;2;7;7;4;2;0;0;7;2;2;4;7;4;2;1;3;3;0;4;1;4;4;0;1;1;0;3;3;0;2;3;6;2;2;4;2;2;1;5;12;4;5;1;3;0;0;3;2;2;2;3;9;0;1;1;3;1;2;4;4;1;2;4;4;2;0;1;0;1;1;0;1;0;1;1;2;5;4;1;3;1;7;2;3;0
El Oro;0710;Pińas;0;0;0;1;0;0;2;0;0;0;0;0;0;0;1;0;0;2;2;0;1;0;0;0;0;2;0;0;1;0;0;0;0;0;1;0;0;1;1;0;1;0;0;0;0;0;0;1;0;0;0;0;0;1;0;0;0;0;0;1;1;0;0;2;0;1;0;0;0;0;0;0;0;0;0;0;0;0;0;0;0;0;0;1;0;0;0;0;0;0;0;0;0;0;0;0;0;1;0;0;0;1;0;0;1;0;0;0;1;2;2;0;0;0;0;2;0;0;1;1;0;0;0;0;0;1;0;1;1;0;1;0;1;0;0;1;0;1;1;1;2;0;0;1;1;0
El Oro;0711;Portovelo;2;1;0;2;0;1;0;1;2;0;1;1;0;0;1;1;0;1;2;0;1;0;2;2;1;0;1;0;1;0;1;0;1;1;3;0;0;1;0;0;0;1;1;0;2;3;0;0;1;1;1;1;0;1;1;1;4;1;0;0;1;0;0;0;1;1;1;2;1;0;1;3;0;0;1;0;1;0;1;0;3;0;1;0;2;1;1;2;0;0;0;0;1;1;1;2;0;0;1;1;2;2;1;0;0;0;2;2;3;2;1;0;0;1;1;0;1;1;0;1;1;0;0;1;0;1;0;0;1;0;0;0;1;2;0;0;0;0;1;0;0;0;0;0;0;1
El Oro;0712;Santa Rosa;5;5;3;3;2;3;4;2;3;4;0;4;5;1;5;2;2;7;5;4;3;3;9;2;4;5;5;2;2;0;5;3;3;3;4;3;3;0;1;2;2;1;1;4;1;4;2;3;4;0;1;6;4;5;5;3;3;2;4;1;3;2;4;2;5;3;2;0;1;0;2;3;5;1;2;1;0;1;3;1;0;1;2;0;3;1;3;2;4;2;6;2;3;2;3;3;1;9;1;2;1;3;1;3;0;1;3;4;1;0;3;6;4;6;3;5;1;3;1;3;2;0;2;8;1;1;1;3;1;2;5;3;1;1;1;1;0;3;0;0;3;1;1;4;0;0
El Oro;0713;Zaruma;1;1;3;1;1;3;2;1;1;0;0;2;0;2;0;2;0;1;0;0;0;0;0;1;0;1;1;1;0;1;2;0;1;2;0;1;1;1;0;0;2;2;1;0;0;0;0;2;1;0;0;0;0;0;0;0;0;1;2;0;0;2;0;0;0;1;0;0;0;0;0;1;0;1;0;0;0;0;0;1;0;0;0;0;0;0;0;0;0;0;0;0;0;0;2;0;0;1;0;0;0;0;1;2;0;0;1;0;1;0;1;0;2;0;3;4;0;0;0;0;1;0;4;1;1;0;0;0;0;0;0;0;0;0;0;0;0;0;0;0;2;0;0;1;0;1
El Oro;0714;Las Lajas;0;1;0;1;0;0;0;0;0;0;0;0;0;0;0;0;0;0;0;0;0;0;0;0;0;1;0;0;0;0;0;0;0;0;0;0;0;0;1;0;0;0;0;0;0;0;0;0;0;0;0;0;0;0;0;0;0;0;0;0;0;0;0;0;0;0;0;0;0;0;0;0;0;0;0;0;0;0;0;0;0;0;0;1;0;0;0;0;0;0;0;0;0;0;0;0;0;0;0;0;0;0;0;0;0;0;0;0;0;0;0;0;0;0;0;0;0;0;0;0;0;0;0;0;0;0;0;0;0;0;0;0;0;0;0;0;0;0;0;0;0;0;0;0;0;0
Esmeraldas;0801;Esmeraldas;14;7;10;10;10;6;6;5;2;6;12;5;13;8;9;12;10;10;11;10;16;9;12;7;8;16;5;6;12;7;8;7;3;7;4;11;3;3;6;3;6;2;3;5;2;5;7;8;2;6;11;6;5;11;6;6;3;8;6;4;11;10;7;3;8;5;3;3;10;12;9;4;7;4;2;3;3;7;4;5;1;4;6;3;4;3;7;5;4;3;3;5;3;9;11;14;12;9;13;7;6;8;9;15;13;5;4;8;13;12;8;6;8;11;2;4;3;3;6;6;6;5;2;3;5;4;4;2;3;4;6;6;7;3;3;1;7;3;0;4;1;11;4;7;2;5
Esmeraldas;0802;Eloy Alfaro;0;0;0;0;0;0;0;2;0;3;1;0;0;2;0;0;0;0;1;0;1;0;0;2;1;0;0;0;0;0;0;0;1;0;2;0;1;2;0;1;2;0;0;0;1;0;2;1;1;1;0;0;2;1;1;2;0;1;2;0;0;0;0;0;2;0;0;0;1;1;0;0;0;1;0;0;0;0;0;1;0;1;0;0;0;0;0;0;0;0;0;0;0;0;0;0;0;0;0;0;1;0;0;0;0;0;0;1;1;1;0;1;0;0;1;1;0;1;1;0;1;0;0;0;0;0;0;1;2;0;2;0;0;0;0;1;0;1;0;0;0;0;0;1;1;1
Esmeraldas;0803;Muisne;0;0;0;0;0;0;2;1;0;0;0;1;1;1;3;2;1;0;0;0;0;1;0;0;0;0;1;1;1;1;0;0;1;0;0;1;1;0;2;0;0;2;0;0;1;1;0;0;0;1;0;1;0;1;0;1;0;0;1;0;1;2;2;0;3;0;1;0;0;2;1;1;1;0;0;0;0;0;0;1;0;1;1;0;0;0;0;0;0;0;0;0;1;0;0;0;1;2;0;1;2;0;1;0;0;2;1;1;1;0;1;1;3;1;0;2;2;0;2;1;2;0;0;0;0;0;0;2;0;0;1;2;1;0;1;1;2;0;0;0;3;1;0;1;0;1
Esmeraldas;0804;Quininde;5;4;5;1;1;1;4;2;1;4;4;4;1;0;2;0;2;7;3;3;2;4;5;4;3;1;2;4;2;2;1;0;3;4;3;4;5;7;0;2;0;1;5;1;2;3;0;1;0;0;2;4;1;0;3;1;2;2;1;1;2;2;1;2;1;0;1;1;4;1;2;3;2;4;3;0;1;0;2;2;2;0;1;6;1;5;0;2;1;2;1;1;1;4;0;1;1;3;4;1;2;0;0;4;1;0;1;1;0;3;2;2;2;7;5;2;3;2;1;1;4;3;1;1;0;1;0;1;2;4;3;1;0;0;1;1;1;2;2;2;1;0;2;1;1;1
Esmeraldas;0805;San Lorenzo;3;2;1;1;0;0;1;0;2;1;0;1;0;1;2;0;0;1;0;1;1;1;1;2;1;1;0;2;1;0;1;0;1;0;1;2;1;2;1;1;0;0;1;1;1;1;0;0;2;1;1;0;0;1;1;1;0;0;1;0;0;3;0;2;0;1;0;2;3;1;0;0;0;1;0;1;0;0;1;1;0;0;0;0;0;0;0;3;1;0;0;0;1;0;1;0;0;0;1;1;1;1;0;3;1;1;0;0;0;0;0;0;0;0;3;0;0;0;2;0;0;1;2;0;1;1;2;1;0;2;0;1;2;2;0;1;0;1;0;1;0;0;1;0;0;0
Esmeraldas;0806;Atacames;2;5;3;3;1;1;1;5;1;1;1;1;1;3;3;5;2;4;2;3;5;4;0;2;2;2;2;1;6;5;8;2;1;1;1;5;3;6;3;2;5;4;3;1;2;2;5;0;1;2;4;2;4;3;0;0;2;1;2;0;1;0;2;2;1;1;2;2;2;1;1;1;2;1;0;2;1;1;1;2;1;1;0;1;2;1;1;0;0;0;0;1;3;1;2;3;3;3;1;2;1;2;1;1;1;5;0;2;3;1;0;3;5;3;1;1;0;0;0;2;1;3;3;2;2;0;2;1;1;2;1;1;0;1;1;1;3;0;0;2;0;0;1;1;1;4
Esmeraldas;0807;Rioverde;0;0;1;0;0;0;1;0;0;3;0;0;0;1;1;1;0;0;1;0;2;1;0;0;0;2;0;0;0;0;0;0;0;0;0;0;1;0;0;0;0;0;2;0;0;1;1;1;0;0;0;1;0;0;1;0;1;0;1;0;0;1;1;0;1;0;1;0;0;0;1;0;0;0;0;0;0;0;1;0;1;0;0;0;0;0;0;0;0;1;0;0;1;0;0;0;0;0;1;0;0;0;0;1;0;2;0;0;0;0;0;0;0;0;0;0;0;0;0;0;0;0;0;0;0;1;0;0;0;0;0;0;0;0;0;0;0;0;0;0;0;0;0;0;0;0
Guayas;0901;Guayaquil;89;79;83;62;63;80;83;90;75;76;86;80;90;88;88;107;83;110;92;129;101;70;71;92;74;77;65;64;84;72;65;50;68;68;64;73;61;69;66;67;72;60;61;55;62;55;42;52;41;40;55;67;55;45;68;50;37;50;61;50;46;56;74;49;64;83;72;56;74;125;73;65;59;53;39;40;40;55;62;50;41;55;59;68;62;56;45;65;56;42;48;54;34;44;58;91;63;55;61;45;44;56;52;43;53;43;48;52;140;135;142;120;114;104;104;95;121;119;155;155;106;117;101;106;83;67;85;92;67;89;71;95;69;62;79;74;63;46;62;47;45;67;54;49;80;65
Guayas;0902;Alfredo Baquerizo Moreno (Jujan);0;0;1;0;0;0;0;0;0;0;0;1;0;0;0;0;2;1;0;0;0;0;0;0;0;0;1;1;0;0;0;1;1;0;0;0;1;0;0;0;1;0;3;0;0;0;0;0;0;0;0;0;0;1;1;0;1;0;0;0;1;0;0;1;0;0;0;1;0;0;0;0;1;1;1;0;0;1;0;0;0;0;0;0;1;0;0;0;0;0;0;0;0;2;0;0;0;2;2;0;0;0;0;1;0;0;0;0;0;0;0;0;0;1;1;0;0;0;1;0;0;0;0;0;0;0;1;0;0;0;0;0;0;1;0;0;0;0;1;0;0;0;0;0;0;1
Guayas;0903;Balao;0;2;1;0;1;2;1;0;1;0;1;2;3;0;0;0;3;0;1;0;1;3;2;0;2;1;3;4;2;1;1;3;0;0;1;1;3;1;5;1;0;1;0;0;1;1;1;1;1;0;0;1;0;0;1;0;2;0;0;0;0;3;2;1;1;0;3;1;2;1;1;0;1;0;0;0;1;0;1;1;0;0;1;1;1;2;2;0;0;2;0;0;0;1;0;1;1;2;0;2;0;1;2;2;1;0;1;2;2;2;1;1;0;1;1;1;0;0;1;1;0;2;2;0;0;1;1;0;1;1;1;1;1;1;0;0;1;0;0;2;0;1;1;0;0;0
Guayas;0904;Balzar;1;3;1;1;1;0;1;0;1;0;0;0;1;0;1;1;1;0;0;0;1;0;2;2;0;1;0;0;0;0;0;0;0;0;1;2;1;1;1;1;2;1;0;1;0;1;0;1;1;2;1;0;0;0;0;1;1;0;4;0;2;2;1;0;0;0;0;0;0;0;1;0;1;1;0;0;0;0;0;0;0;1;0;1;1;0;1;1;0;0;0;0;0;1;1;1;0;0;1;1;0;0;0;0;0;0;1;1;0;0;1;0;1;1;0;0;0;0;0;0;1;0;0;0;0;1;0;0;0;0;0;0;1;0;0;0;0;2;0;0;1;1;0;0;0;1
Guayas;0905;Colimes;0;0;0;0;0;0;0;0;0;0;0;0;0;0;0;1;0;0;0;0;0;0;0;2;0;0;0;0;0;0;1;0;0;0;0;0;0;0;0;0;0;0;0;0;1;0;0;0;0;0;1;1;0;0;0;0;0;0;0;0;0;0;0;0;0;0;0;0;0;0;1;0;0;0;0;0;0;0;0;0;1;0;0;0;0;0;0;0;0;0;0;0;0;0;0;0;0;0;0;0;0;0;0;0;0;0;0;0;0;1;0;0;0;0;0;0;0;0;0;0;0;0;0;0;0;0;0;0;0;0;0;0;0;0;0;0;0;0;0;0;0;0;0;0;0;0
Guayas;0906;Daule;4;3;3;2;1;3;1;4;2;0;2;1;4;4;4;1;4;3;5;1;4;3;4;0;1;2;3;3;4;2;3;1;1;0;4;3;3;0;0;2;1;2;0;1;2;0;3;0;2;2;4;2;1;1;0;3;2;3;2;5;2;2;2;2;2;1;3;4;4;3;4;8;2;1;1;0;3;2;5;2;4;0;2;6;3;4;5;2;2;0;4;1;1;1;3;4;3;4;7;0;2;6;7;1;5;6;1;5;5;3;5;3;4;11;6;2;9;6;4;7;3;1;4;1;3;2;4;4;1;3;1;5;4;0;5;8;7;3;2;1;2;2;0;4;3;1
Guayas;0907;Duran;5;7;8;5;5;2;8;8;5;3;9;8;12;10;5;7;8;8;8;9;11;15;11;10;11;16;14;6;17;18;10;10;5;5;4;8;9;10;8;5;3;8;10;12;9;10;7;2;11;12;14;13;5;3;10;4;7;7;11;5;9;8;2;8;3;2;3;7;10;33;9;10;7;4;7;14;2;4;2;6;7;5;6;9;3;5;4;9;8;3;6;10;11;6;1;4;0;6;5;3;3;7;4;3;9;11;8;12;14;11;20;16;12;9;7;9;5;6;11;8;16;5;10;15;18;11;13;10;5;9;12;5;10;5;6;6;6;3;4;7;7;9;4;4;7;4
Guayas;0908;El Empalme;1;1;2;2;1;0;1;1;0;2;0;1;1;0;1;1;3;3;0;0;1;1;1;3;5;2;6;6;1;3;5;1;0;1;0;1;0;2;3;4;5;0;2;2;4;5;0;1;6;1;3;3;2;3;3;2;1;0;0;0;2;0;2;2;2;1;1;1;0;2;1;2;2;0;5;2;0;0;4;0;0;3;3;6;2;2;1;1;0;0;0;0;0;0;4;1;3;0;2;1;3;0;0;1;0;0;0;2;1;0;3;2;3;3;1;2;2;0;0;0;0;2;2;4;1;0;3;0;0;1;3;0;1;1;0;2;2;2;3;3;1;0;0;2;1;2
Guayas;0909;El Triunfo;2;1;3;1;3;3;7;1;3;1;2;1;0;2;4;1;2;2;0;0;2;2;1;3;0;1;1;0;2;0;0;0;3;2;1;3;1;1;2;1;1;1;1;1;1;3;3;1;0;2;2;3;0;4;3;2;1;0;1;1;0;5;0;0;1;1;0;0;4;1;2;4;0;0;1;2;0;1;0;0;1;1;1;0;2;1;3;2;2;0;0;1;2;1;3;2;2;2;1;3;4;2;1;1;2;3;0;3;1;0;2;1;1;2;3;3;3;1;0;0;1;2;2;0;0;2;0;0;0;1;0;0;0;1;1;1;0;2;1;2;2;2;1;2;0;1
Guayas;0910;Milagro;12;1;8;7;7;5;3;5;14;6;9;9;13;7;4;13;12;7;11;8;6;5;4;6;5;4;6;5;10;6;5;1;5;3;4;4;10;9;12;18;12;4;4;3;4;6;4;3;4;3;8;6;10;9;15;6;7;9;9;12;11;9;6;8;7;4;5;5;5;7;7;13;8;6;4;4;2;0;7;4;2;4;4;5;2;6;3;0;4;3;5;3;5;5;6;3;7;8;10;5;1;1;6;5;8;8;9;5;2;3;6;4;4;8;2;4;8;13;9;5;4;4;4;4;6;4;3;2;5;5;1;3;2;2;0;2;1;2;1;3;1;4;3;3;1;0
Guayas;0911;Naranjal;4;1;6;5;1;2;5;3;1;5;2;0;0;0;2;2;8;2;2;5;3;3;1;2;3;3;1;5;6;2;5;1;4;3;5;5;6;4;4;3;4;4;1;4;8;3;3;1;2;0;4;9;3;2;2;4;1;3;3;3;6;0;4;6;0;0;1;2;0;6;3;4;5;1;1;4;0;1;1;1;1;2;5;1;7;1;1;3;2;1;0;0;4;4;0;3;0;1;2;2;0;2;2;2;3;2;6;2;2;5;6;2;9;0;2;0;3;3;1;5;2;2;2;3;2;2;0;1;2;2;3;2;3;1;1;1;0;4;4;1;1;2;3;1;1;1
Guayas;0912;Naranjito;4;5;3;1;2;1;1;2;2;0;0;0;1;1;4;1;3;3;2;0;1;0;0;0;2;1;2;3;4;2;2;1;2;2;2;2;0;3;2;2;1;3;5;1;1;1;5;4;2;0;0;0;4;3;0;3;1;0;0;1;1;1;1;1;1;0;3;0;0;0;2;0;0;3;1;1;0;0;0;1;1;0;1;0;0;1;0;0;0;2;0;1;0;1;1;2;2;0;5;2;2;0;0;2;1;3;2;0;2;0;0;3;3;2;2;3;0;3;0;2;0;0;1;1;0;0;1;0;0;0;0;0;1;1;0;0;0;1;0;1;0;1;0;0;0;1
Guayas;0913;Palestina;1;0;0;0;0;0;0;0;1;1;0;0;1;0;0;0;0;0;0;0;0;0;0;0;0;1;0;1;0;0;0;1;0;0;0;1;0;0;0;1;0;0;1;0;0;0;0;0;0;0;0;0;0;1;0;1;0;0;1;0;0;0;1;1;0;0;0;0;0;0;0;0;0;0;0;0;0;0;0;0;0;0;0;0;0;0;1;0;0;0;0;0;0;0;0;1;0;1;0;0;0;1;0;0;0;0;0;1;1;0;0;0;0;1;0;0;0;0;0;0;0;0;1;0;0;0;0;0;0;0;0;0;0;0;1;0;0;0;0;0;0;0;0;0;1;0
Guayas;0914;Pedro Carbo;0;4;0;1;1;2;0;0;0;0;2;0;0;0;0;2;0;0;1;1;0;0;1;1;0;1;0;0;1;2;1;0;1;0;0;0;0;1;2;1;1;0;0;2;1;2;1;1;1;0;1;1;3;1;0;1;1;1;2;1;1;0;1;1;1;0;1;1;1;0;0;0;1;1;1;3;0;0;0;1;0;0;0;0;0;0;0;0;0;1;0;1;0;0;1;1;0;0;1;1;0;1;0;0;1;0;1;0;1;0;0;0;3;0;1;0;0;1;4;1;0;1;1;2;2;0;2;0;1;0;1;2;0;1;0;1;1;2;0;0;2;1;3;2;0;0
Guayas;0916;Samborondon;1;2;1;4;2;0;0;0;0;2;1;0;4;3;3;4;1;1;0;3;1;0;1;1;1;2;3;2;1;0;1;3;2;2;1;2;0;0;0;1;0;1;4;0;3;0;1;2;0;0;0;2;4;0;1;1;1;0;1;1;0;0;1;1;0;2;0;1;0;1;2;0;0;1;0;0;2;0;1;0;3;1;1;0;1;1;0;0;0;1;0;0;0;2;1;4;0;2;0;0;1;3;0;0;0;1;3;0;0;1;5;1;2;1;1;0;1;2;0;0;1;1;1;3;1;0;2;1;0;2;2;0;1;1;1;1;1;0;1;1;3;1;1;1;0;0
Guayas;0918;Santa Lucia;1;1;0;0;0;0;0;0;0;0;1;0;4;1;1;0;1;0;1;1;0;1;1;3;2;2;0;2;1;1;1;0;1;0;0;2;1;0;0;1;0;1;0;0;1;1;0;1;0;1;0;0;0;2;0;0;0;0;0;3;0;1;0;0;0;0;0;0;0;0;1;0;0;0;0;0;0;0;0;1;1;0;0;0;0;1;0;0;1;0;0;0;0;0;0;1;0;0;0;0;1;0;0;1;0;2;1;1;1;0;1;0;1;2;1;0;2;1;1;1;0;0;1;1;1;0;3;1;0;0;2;0;0;0;0;0;0;1;0;0;0;0;0;0;0;0
Guayas;0919;Salitre (Urbina Jado);2;0;0;0;0;1;1;0;2;0;0;0;1;0;1;0;0;1;2;0;2;0;0;1;1;1;1;3;0;1;0;1;1;0;0;0;0;1;0;0;0;1;1;0;0;0;1;2;0;1;0;1;1;0;2;0;0;0;0;0;1;0;0;0;0;0;0;0;0;0;0;1;0;0;0;0;1;0;0;1;0;0;0;0;1;0;1;1;0;0;0;0;0;0;2;0;0;0;0;0;3;0;0;0;0;1;0;0;1;0;0;1;1;1;0;1;0;1;1;2;1;2;0;0;2;1;2;0;0;1;1;0;0;0;0;1;0;0;0;0;0;1;2;0;0;0
Guayas;0920;San Jacinto De Yaguachi;5;1;3;1;1;5;0;0;2;2;3;2;2;4;1;2;4;3;0;3;1;4;7;3;5;1;1;4;2;9;4;0;3;1;3;3;0;2;2;2;8;1;1;0;1;2;2;1;6;3;0;0;0;3;4;2;1;1;3;1;5;1;3;1;3;0;2;2;1;0;1;2;1;2;0;2;0;0;0;0;0;2;2;2;2;1;2;1;1;2;6;3;2;3;3;2;1;2;1;0;1;4;0;0;0;2;0;0;1;3;0;0;1;1;1;1;0;0;2;2;1;3;1;1;3;3;0;3;0;3;1;0;0;2;1;1;0;2;0;1;0;2;0;1;1;1
Guayas;0921;Playas;7;3;7;4;10;3;9;3;1;2;2;3;5;3;2;5;4;3;1;4;0;4;4;1;3;3;2;5;3;4;5;3;2;3;1;7;2;1;6;1;5;4;4;5;0;7;3;4;3;4;2;4;4;3;5;7;1;1;4;3;3;0;3;1;4;2;2;3;5;2;3;1;2;1;2;2;0;2;3;1;2;1;6;2;1;2;2;2;2;1;3;4;1;3;1;3;1;0;1;4;3;0;0;1;5;3;2;3;3;2;5;1;2;1;5;8;0;7;4;8;2;3;7;6;3;12;5;5;5;6;10;5;6;3;6;9;3;4;2;4;1;4;3;5;3;4
Guayas;0922;Simon Bolivar;0;0;0;0;0;0;0;0;0;0;0;0;0;0;0;0;0;0;0;0;0;0;0;0;1;0;0;0;0;0;0;0;1;0;0;0;0;0;0;1;0;0;0;0;1;0;1;0;0;0;4;1;1;1;0;0;0;0;0;0;0;1;0;0;0;0;0;0;0;0;0;1;0;0;0;0;0;0;1;0;2;1;1;1;1;0;1;0;0;0;0;0;1;1;0;0;0;0;0;0;0;1;0;0;0;0;2;0;1;0;0;0;0;0;1;0;1;1;1;1;2;1;0;1;0;0;0;0;0;1;1;0;0;0;0;0;0;0;0;0;0;0;1;0;0;0
Guayas;0923;Coronel Marcelino Maridueńa;1;1;0;2;0;0;0;0;0;0;0;0;0;0;0;0;0;1;0;0;0;0;0;0;0;0;0;1;0;0;0;0;0;0;0;0;0;0;2;0;1;1;0;0;0;1;0;0;1;0;2;0;0;0;1;0;0;0;1;0;1;1;0;0;0;0;0;1;0;1;0;0;0;0;0;0;0;0;0;0;0;0;0;0;0;0;0;0;0;0;1;0;0;1;0;0;0;0;0;0;0;1;0;0;0;1;0;0;0;1;1;0;0;0;0;0;0;0;0;0;0;0;0;0;0;0;0;0;0;0;0;0;0;0;0;1;0;1;0;1;1;0;0;0;0;0
Guayas;0924;Lomas De Sargentillo;0;0;0;0;0;0;3;2;0;0;0;0;1;0;1;1;0;0;0;0;0;0;0;1;0;1;0;0;0;0;0;0;0;1;0;0;0;0;0;0;0;0;1;1;0;0;0;0;0;0;1;0;1;1;1;0;0;0;0;0;0;0;0;1;0;0;0;0;0;0;0;1;0;0;0;0;0;0;0;0;0;0;0;0;0;0;1;0;0;0;0;0;0;0;0;0;0;0;0;1;0;0;0;0;0;0;0;0;0;2;1;0;0;0;0;0;0;0;0;0;0;0;0;2;0;1;0;0;0;0;0;0;1;0;0;2;0;0;0;1;0;0;0;0;0;1
Guayas;0925;Nobol;0;1;0;1;0;1;0;0;2;1;0;1;0;0;1;0;0;1;1;1;0;1;0;2;1;2;1;0;2;3;4;0;0;0;0;0;1;1;0;0;0;0;0;0;0;1;0;0;1;0;0;0;0;0;0;0;0;0;2;0;1;2;2;0;0;2;0;1;2;2;2;0;0;1;0;0;0;0;0;0;1;0;1;0;0;2;1;2;0;1;1;0;0;0;0;0;0;0;0;1;0;1;1;0;2;2;1;0;0;0;1;1;0;0;0;0;1;1;1;0;1;0;0;1;0;0;0;1;0;1;1;0;0;0;1;0;0;0;0;0;0;0;0;0;0;0
Guayas;0927;Gral Antonio Elizalde;0;0;0;0;0;0;0;0;0;0;0;0;0;0;0;0;0;0;0;0;0;0;0;0;1;0;0;0;1;0;0;0;0;0;1;0;0;0;0;0;0;1;0;0;0;0;0;0;0;0;0;0;0;0;0;0;0;0;0;1;0;0;0;0;0;1;0;1;0;0;0;0;1;0;1;0;0;0;0;0;0;0;0;0;0;0;0;0;0;0;0;0;2;1;1;1;0;1;0;0;0;0;1;0;0;0;0;0;1;0;3;0;0;0;1;0;0;0;0;0;0;0;1;0;0;0;0;1;0;0;0;0;0;0;1;0;1;0;0;0;1;0;0;0;1;0
Guayas;0928;Isidro Ayora;0;0;0;0;0;0;0;0;0;0;0;0;0;1;0;0;0;0;0;0;0;1;1;2;0;1;1;1;0;0;0;0;1;0;0;0;0;0;0;1;0;0;0;0;0;1;0;1;0;0;0;0;0;0;0;0;0;0;0;1;0;1;0;0;0;0;0;0;0;0;0;0;0;0;0;0;0;0;0;1;0;0;0;0;0;0;0;0;1;1;0;0;0;0;0;1;0;0;0;0;1;0;0;0;0;0;1;0;0;0;0;0;0;0;0;0;0;0;0;0;0;0;0;0;0;0;0;0;0;0;0;0;0;0;0;0;1;0;0;1;0;1;0;1;0;0
Imbabura;1001;Ibarra;14;7;11;5;5;2;8;10;12;8;13;6;13;4;15;9;11;3;15;10;7;9;7;6;10;5;5;8;14;12;5;10;3;3;2;4;3;2;2;10;15;9;5;9;13;12;6;10;9;12;6;4;9;8;4;4;7;5;8;7;16;4;5;6;4;5;8;7;3;5;7;4;12;12;4;6;1;7;5;3;4;4;8;6;4;8;5;7;5;4;6;8;5;7;5;6;10;4;8;10;5;11;6;9;11;5;11;5;1;5;7;1;3;5;8;4;5;7;6;3;5;7;11;9;3;5;8;2;4;7;5;8;4;4;7;9;11;14;1;3;5;4;6;6;2;4
Imbabura;1002;Antonio Ante;0;0;1;1;0;0;1;2;3;1;1;3;0;1;0;0;2;1;4;2;2;1;0;0;2;1;2;2;1;0;1;0;0;0;0;1;0;0;0;0;2;1;0;0;1;3;1;0;1;1;0;0;1;2;1;1;0;2;2;0;1;0;0;1;1;0;0;0;0;1;1;1;0;0;0;1;0;0;0;0;1;2;0;0;3;0;1;0;1;0;1;2;1;0;1;0;1;3;0;1;2;1;3;0;0;0;1;1;0;0;0;2;1;0;1;1;1;1;1;0;2;0;1;0;0;0;0;0;0;0;0;0;0;0;0;0;1;0;0;1;0;0;0;0;1;1
Imbabura;1003;Cotacachi;2;0;2;0;1;0;0;2;0;0;0;3;0;3;0;0;2;2;2;0;1;0;2;0;0;0;2;0;0;2;0;0;0;1;2;0;0;0;0;0;2;0;0;1;0;0;0;0;1;0;0;2;0;0;1;0;0;2;0;0;0;1;0;0;0;0;0;0;1;1;0;0;1;1;1;0;0;0;0;0;0;0;1;0;1;0;1;0;0;0;2;0;0;1;0;1;1;0;0;2;0;1;2;2;1;2;2;0;1;0;0;1;0;0;0;0;1;1;1;0;3;2;2;1;1;0;2;0;1;0;2;1;0;1;0;1;0;1;0;0;1;1;1;1;0;2
Imbabura;1004;Otavalo;3;4;2;3;2;2;3;4;1;2;2;1;2;3;1;2;5;5;6;3;7;3;2;3;2;1;5;3;1;1;3;0;2;0;4;0;1;1;1;3;1;0;1;4;0;3;2;3;2;5;2;1;1;4;2;4;3;2;1;0;3;1;1;3;2;3;2;1;1;0;8;2;2;1;0;0;0;1;3;2;1;1;0;3;1;0;3;0;2;0;1;2;1;2;5;1;2;1;1;0;4;2;0;0;1;3;1;7;0;1;0;0;3;4;0;1;0;0;2;1;1;1;1;1;1;0;0;0;2;0;2;0;0;0;1;3;2;1;1;1;2;0;2;3;1;1
Imbabura;1005;Pimampiro;1;1;0;0;0;0;0;1;0;0;0;1;0;0;1;0;0;0;1;0;0;0;0;2;0;0;0;0;0;0;0;0;0;0;0;0;0;0;1;0;0;0;0;0;0;0;0;0;0;0;0;0;0;1;0;0;1;0;0;0;0;0;0;0;0;0;0;0;0;0;0;1;0;0;0;0;0;0;0;0;0;1;0;0;0;0;0;0;0;0;0;0;0;0;0;0;0;0;0;0;0;0;0;0;0;0;0;0;0;0;0;0;0;0;0;0;0;0;0;0;0;0;0;0;0;0;0;1;0;0;0;0;0;0;0;0;1;0;0;1;1;0;0;0;0;0
Imbabura;1006;San Miguel De Urcuqui;0;0;0;1;0;0;1;0;0;1;0;0;0;0;0;0;1;0;0;2;1;0;0;0;0;0;0;0;0;0;0;0;0;0;0;0;1;0;0;0;2;0;1;0;2;1;0;0;0;0;0;0;0;0;0;1;0;1;0;0;0;1;0;1;0;1;0;0;0;0;0;0;0;0;0;0;0;0;0;0;0;0;0;0;0;0;0;0;0;0;0;0;1;2;0;0;0;0;0;0;0;1;0;0;0;0;0;0;0;0;2;0;0;1;0;0;0;0;0;0;0;0;1;1;0;0;3;0;0;0;0;1;0;1;0;1;0;1;0;0;0;0;2;0;1;1
Loja;1101;Loja;5;3;11;5;3;3;9;9;1;6;2;5;8;7;12;9;14;8;16;14;6;8;3;6;4;3;7;3;5;4;4;3;5;2;2;2;5;4;3;2;5;1;4;4;6;5;3;3;1;3;4;2;4;1;3;3;5;3;1;4;1;1;4;0;1;4;3;1;2;2;1;2;0;5;0;1;0;1;2;0;3;6;2;1;4;1;5;3;3;3;3;0;4;4;6;1;1;2;10;6;4;5;3;6;4;8;6;8;1;1;4;2;2;5;2;0;2;3;0;0;2;1;1;1;0;2;3;1;5;0;0;2;1;1;3;3;0;1;2;2;1;1;0;4;1;0
Loja;1102;Calvas;0;0;0;0;0;0;0;0;1;0;1;0;0;0;1;0;0;0;0;0;0;0;0;1;0;1;0;1;1;0;0;1;1;1;1;0;2;1;1;0;0;1;0;0;0;0;0;0;0;0;0;0;0;0;0;0;0;0;0;0;0;0;0;0;0;0;0;0;1;1;1;0;0;1;0;0;0;0;0;0;0;0;0;0;0;0;0;0;0;0;0;0;0;0;0;1;0;0;0;0;0;0;1;0;0;0;0;1;0;0;0;0;0;0;0;0;1;0;0;0;0;0;0;0;0;0;0;0;0;0;0;0;0;0;0;0;0;0;0;0;0;0;0;0;0;0
Loja;1103;Catamayo;1;1;5;1;1;1;2;1;2;2;0;0;2;1;1;3;0;0;1;0;2;0;0;1;0;0;2;0;0;2;1;0;2;0;0;1;0;0;3;0;1;0;0;0;2;1;0;1;1;0;0;1;0;0;0;0;0;0;0;0;1;2;0;0;0;0;2;0;0;1;0;1;0;1;0;0;0;1;0;0;0;0;0;0;2;0;0;0;1;1;0;0;0;0;0;1;1;0;2;4;0;0;1;1;0;0;2;0;0;0;0;1;0;0;0;0;0;0;0;1;0;0;0;0;0;0;0;1;0;0;1;0;0;0;0;0;0;0;0;0;0;0;0;0;0;0
Loja;1104;Celica;0;0;0;0;1;0;0;1;0;0;0;0;0;0;2;0;0;0;0;1;0;1;0;0;0;0;0;0;1;0;0;0;0;0;0;0;0;0;0;0;0;0;0;0;0;0;0;0;0;0;0;0;0;0;0;0;0;0;0;0;0;1;0;0;0;0;0;0;0;0;0;0;0;0;0;0;0;0;0;0;0;0;0;0;0;0;0;0;0;0;0;0;0;0;0;0;0;0;0;0;0;0;0;0;0;0;0;0;0;0;0;0;0;0;0;0;0;0;0;0;0;1;0;0;0;0;0;0;0;0;0;0;0;0;0;0;0;0;0;0;0;0;0;0;0;0
Loja;1105;Chaguarpamba;0;0;0;0;0;0;1;1;0;0;0;0;0;0;0;0;0;0;0;0;0;0;0;0;0;0;0;0;0;0;0;0;0;0;0;0;0;0;0;0;0;0;0;0;0;0;0;0;0;0;0;0;0;0;0;0;0;0;0;0;0;0;0;0;0;0;0;0;0;0;0;0;0;0;0;0;0;0;0;0;0;0;0;0;0;0;0;0;0;0;0;0;0;0;0;0;0;0;0;0;0;0;0;0;0;0;0;0;0;0;0;0;0;0;0;0;0;0;0;0;0;0;0;0;1;0;0;0;0;1;0;0;0;0;0;0;0;0;0;0;0;0;0;0;0;0
Loja;1106;Espindola;0;0;0;0;0;0;0;0;0;0;0;1;0;0;0;0;0;1;0;1;0;0;0;0;0;0;0;0;0;0;0;0;0;0;0;0;0;0;0;0;0;0;0;0;0;0;0;0;0;0;0;0;0;0;0;0;0;0;0;0;0;0;0;0;0;0;0;0;0;0;0;0;0;0;0;0;0;0;0;0;0;0;0;0;0;0;0;0;0;0;0;0;0;0;0;0;0;0;0;0;0;0;0;0;0;0;0;0;0;0;0;0;0;0;0;0;0;0;0;0;0;0;0;0;1;0;0;0;0;0;0;0;0;0;0;0;0;0;0;0;0;0;0;0;0;0
Loja;1107;Gonzanama;0;0;0;0;0;0;0;0;0;0;0;0;0;0;0;0;0;0;0;0;0;0;0;0;0;0;0;0;0;0;0;0;0;0;0;0;0;0;0;0;0;0;0;0;0;0;0;0;0;0;0;0;0;0;0;0;0;0;0;0;0;0;0;0;0;0;0;0;0;0;0;0;0;0;0;0;0;0;0;0;0;0;0;0;0;0;0;0;0;0;0;0;0;0;0;0;0;0;0;0;0;0;0;0;0;0;0;0;0;0;1;0;0;0;0;0;0;0;0;0;0;0;0;0;0;0;0;0;0;0;0;0;0;0;0;0;0;0;0;0;0;0;0;0;0;0
Loja;1108;Macara;0;0;0;0;0;0;0;0;0;0;0;0;0;0;0;1;0;0;0;0;0;0;1;0;0;0;0;0;0;0;0;0;0;0;0;0;0;0;2;0;0;0;1;0;0;0;0;0;0;0;0;2;1;1;0;0;0;0;0;0;0;0;0;0;0;0;1;0;0;0;0;0;0;0;0;0;0;0;0;0;1;0;0;0;0;0;0;0;1;0;0;0;0;0;0;0;0;2;2;0;0;0;0;0;1;0;0;0;0;0;0;1;0;0;1;1;0;0;1;0;0;0;1;0;0;0;0;1;0;0;0;0;0;0;0;0;0;0;0;0;1;0;0;1;0;1
Loja;1109;Paltas;0;0;0;0;0;0;0;0;1;1;1;1;1;0;0;0;1;1;1;0;0;0;0;0;1;0;0;0;1;0;1;0;0;0;0;0;0;0;0;0;0;0;0;0;0;0;0;0;0;0;0;0;0;0;0;0;0;0;0;0;0;0;0;0;0;0;0;3;0;0;0;0;0;1;0;0;0;0;0;0;0;0;0;0;0;0;0;0;0;0;0;0;0;0;0;0;0;0;0;0;0;0;0;0;0;0;0;0;0;0;0;1;0;0;0;0;0;1;0;0;0;0;0;0;0;0;0;0;1;0;0;0;1;0;0;0;0;0;0;0;0;0;0;0;0;0
Loja;1110;Puyango;0;0;0;0;1;0;0;1;0;0;0;0;0;0;2;0;0;0;0;0;0;0;0;0;0;0;0;0;0;0;0;0;0;0;0;0;0;0;0;1;1;0;0;1;0;0;0;0;0;0;0;0;0;0;0;0;0;0;0;0;0;0;0;1;0;1;0;0;0;0;0;0;0;0;0;0;0;0;0;0;0;0;0;0;0;0;1;0;0;0;1;0;0;0;0;0;1;0;0;0;0;0;0;0;0;0;0;0;0;0;0;1;0;0;0;0;0;0;0;0;0;0;0;0;0;0;0;0;0;0;0;0;0;0;0;0;0;0;0;0;0;0;0;0;0;0
Loja;1111;Saraguro;0;0;0;0;1;1;1;0;0;0;0;0;0;0;0;0;0;0;0;0;0;0;0;0;0;0;0;0;0;0;0;0;0;0;0;0;0;0;0;0;0;0;0;0;0;0;0;0;0;0;0;1;0;0;0;0;0;0;0;0;0;0;0;0;0;0;0;0;0;0;0;0;0;0;0;0;1;0;0;0;0;0;0;0;0;0;0;0;0;0;0;0;0;0;0;0;0;0;0;0;0;0;0;0;0;0;0;0;0;0;0;0;0;0;0;0;0;0;0;0;0;0;0;0;0;0;0;0;0;0;0;0;0;2;0;0;0;0;0;0;0;0;0;0;0;0
Loja;1112;Sozoranga;0;0;0;0;0;0;0;0;0;0;0;1;0;0;0;0;0;0;0;0;0;0;0;0;0;0;0;0;0;0;0;0;0;0;0;0;0;0;0;0;0;0;0;0;0;0;0;0;0;0;0;0;0;0;0;0;1;0;0;0;0;1;0;0;0;0;0;0;0;0;0;0;0;0;0;0;0;0;0;0;0;0;0;0;0;0;0;0;0;0;0;0;0;0;0;0;0;0;0;0;0;0;0;0;0;0;0;0;0;0;0;0;0;0;0;0;0;0;0;0;0;0;0;0;0;0;0;0;0;0;0;0;0;0;0;0;0;0;0;0;0;0;0;0;0;0
Loja;1113;Zapotillo;0;0;0;1;0;0;0;0;0;0;0;0;0;0;0;0;0;0;0;0;0;0;0;0;0;0;0;0;0;1;0;0;1;0;0;1;0;0;1;0;0;0;0;0;0;0;0;0;0;0;0;0;1;0;0;0;1;0;0;0;0;0;0;0;1;0;0;0;0;0;0;0;0;0;0;0;0;0;0;0;0;0;0;0;0;0;0;0;0;1;0;0;0;1;1;0;1;0;0;0;1;0;0;0;0;0;0;0;0;0;0;1;0;0;0;0;0;0;0;1;0;0;0;0;0;0;0;1;1;1;0;0;0;0;0;0;0;0;0;0;0;1;0;0;0;1
Loja;1114;Pindal;0;0;0;0;0;3;0;0;0;0;1;0;0;0;0;0;0;0;0;0;1;0;0;0;0;0;0;0;0;0;0;0;0;0;0;0;0;0;0;0;0;0;0;0;0;0;0;0;0;0;0;0;0;0;0;0;0;0;0;0;0;1;0;0;0;0;0;0;0;0;1;0;0;0;0;0;0;0;0;0;0;0;0;0;0;0;0;1;0;0;0;0;0;0;0;0;1;0;0;0;0;0;0;0;1;0;0;0;0;0;0;0;0;0;0;0;0;0;0;0;0;0;0;0;0;0;0;0;0;0;0;0;0;0;1;0;0;0;0;0;0;0;0;0;0;0
Loja;1115;Quilanga;0;0;0;0;0;0;0;0;0;0;0;0;0;0;0;0;0;0;0;0;0;1;0;1;0;0;0;0;0;0;0;0;0;0;0;0;0;0;0;0;0;0;1;0;0;0;0;0;0;0;0;0;0;0;0;0;0;0;0;0;0;0;0;0;0;0;0;0;0;0;0;0;0;0;0;0;0;0;0;0;0;0;0;0;0;0;0;0;0;0;0;0;0;0;0;0;0;0;0;1;0;0;0;0;0;0;0;0;0;0;0;0;0;0;0;0;0;0;0;0;0;0;0;0;0;0;0;0;0;0;0;0;0;0;0;0;0;0;0;0;0;0;0;0;0;0
Loja;1116;Olmedo;0;0;0;0;0;0;0;0;0;0;0;0;0;0;0;0;0;0;0;0;0;0;0;0;0;0;0;0;0;0;0;0;0;0;0;0;0;0;0;0;0;0;0;0;0;0;0;0;0;0;0;0;0;0;0;0;0;0;0;0;0;0;0;0;0;0;0;0;0;0;0;0;0;0;0;0;0;0;0;0;0;0;0;0;0;0;0;0;0;0;0;0;0;0;0;0;0;0;0;0;0;0;0;0;0;1;0;0;0;0;0;0;0;0;0;0;0;0;0;0;0;0;0;0;0;0;1;0;0;0;0;0;0;0;0;0;0;0;0;0;0;0;0;0;0;0
Los Ríos;1201;Babahoyo;10;8;15;9;6;5;10;3;12;9;11;15;17;7;8;9;8;7;12;8;6;10;10;10;9;6;6;5;7;5;3;2;2;4;4;7;4;6;8;6;9;6;4;4;10;4;4;1;4;7;6;3;6;7;3;1;6;2;9;1;6;8;6;6;2;5;4;3;4;7;7;8;4;6;6;5;3;3;2;6;1;1;2;2;5;6;5;5;3;3;4;4;2;6;9;6;6;3;5;8;8;3;6;7;4;5;9;5;6;6;4;4;1;2;1;2;1;1;2;4;1;5;10;6;3;4;0;1;0;2;2;1;3;4;2;3;1;0;1;0;1;1;1;0;3;1
Los Ríos;1202;Baba;1;0;1;1;0;0;1;1;0;0;0;0;1;0;0;1;0;0;0;0;1;0;2;0;2;0;0;1;0;0;2;0;0;0;0;1;0;0;0;0;0;0;0;3;1;0;0;0;2;1;1;0;0;0;0;0;0;1;0;0;0;1;1;0;0;0;0;0;0;2;0;1;1;0;1;0;0;0;0;1;0;0;0;0;0;1;0;0;0;0;2;0;0;0;0;1;1;0;1;0;0;1;0;1;0;0;2;0;1;0;0;1;0;0;1;0;0;0;0;0;0;0;0;0;0;1;0;0;1;0;0;0;0;0;0;0;1;0;0;1;0;0;0;1;1;0
Los Ríos;1203;Montalvo;1;0;0;0;0;0;1;1;0;0;0;1;0;1;2;0;2;1;2;0;0;0;0;1;0;1;0;1;0;0;1;0;1;0;1;0;0;0;0;0;0;0;0;1;1;0;1;0;1;0;0;0;0;0;0;2;0;0;0;1;0;1;0;0;0;2;1;1;0;0;0;0;0;0;0;0;0;0;0;1;0;0;0;0;0;2;0;1;0;0;0;0;1;0;0;0;0;0;1;1;1;0;0;0;0;0;2;1;1;0;0;0;0;0;0;0;0;0;2;1;1;0;0;2;0;0;0;0;0;1;0;0;0;0;0;0;0;0;0;0;1;0;1;0;0;0
Los Ríos;1204;Puebloviejo;1;3;2;0;1;3;3;0;1;0;2;5;5;3;4;3;4;6;9;2;2;2;2;0;2;1;1;3;0;4;1;6;0;0;0;1;0;2;0;0;1;0;1;0;1;0;0;0;0;0;0;0;0;0;0;1;0;0;0;0;3;1;1;1;1;0;2;0;0;0;0;2;0;0;1;0;1;0;0;0;0;0;0;0;1;0;0;1;0;1;1;0;0;0;0;0;0;2;3;3;1;1;1;0;0;1;0;0;0;1;1;1;0;1;1;0;0;0;0;0;0;0;1;0;0;0;0;0;0;0;1;0;0;0;0;0;1;1;0;0;0;0;0;0;0;0
Los Ríos;1205;Quevedo;11;13;15;11;10;15;13;14;7;11;8;7;7;17;14;18;5;9;5;10;6;7;7;13;16;12;13;4;6;3;5;6;7;11;7;8;5;8;9;4;10;10;3;7;6;8;9;7;7;9;7;6;4;6;10;8;8;5;6;12;9;7;11;3;14;7;10;16;5;10;5;6;8;10;9;12;3;9;4;8;4;4;7;9;4;7;6;12;6;2;3;8;7;11;12;7;2;2;6;4;7;5;3;3;7;8;3;5;8;5;11;5;6;13;4;11;3;6;3;4;7;2;0;5;1;3;2;4;8;8;5;2;2;1;4;3;3;3;5;7;4;1;6;2;1;5
Los Ríos;1206;Urdaneta;0;0;0;0;0;0;0;0;0;0;0;0;0;0;0;0;0;0;0;0;0;0;0;0;0;0;0;0;0;0;0;0;0;0;0;0;0;0;0;0;0;1;1;0;0;1;0;0;2;0;0;1;0;0;0;0;0;0;0;0;0;0;0;0;2;1;1;0;0;0;1;0;0;2;0;0;0;0;0;0;0;0;1;1;0;0;0;0;3;0;0;0;0;0;0;0;0;1;1;1;1;0;0;0;0;1;1;3;1;1;1;0;1;0;1;0;0;0;0;2;0;0;0;0;0;0;1;0;0;1;0;1;0;0;0;0;0;0;0;0;0;0;0;0;0;0
Los Ríos;1207;Ventanas;7;0;1;4;2;1;3;0;4;1;7;2;6;1;2;1;1;0;0;1;3;4;4;2;5;3;1;0;4;3;3;2;2;1;2;5;1;0;2;0;1;1;0;3;1;4;1;1;2;1;2;1;1;7;5;1;2;0;4;4;4;3;4;1;1;3;4;2;1;2;2;3;1;3;1;1;2;0;0;2;1;2;1;0;1;1;2;1;2;1;2;3;1;3;1;3;3;3;0;3;1;1;1;1;1;1;0;3;4;1;3;5;6;5;2;5;0;2;0;0;0;2;3;0;0;0;0;2;0;0;0;1;0;2;1;0;3;0;0;1;0;0;2;0;0;0
Los Ríos;1208;Vinces;2;6;9;10;7;0;3;3;3;1;4;3;4;1;5;1;5;4;2;2;1;2;2;4;1;2;4;2;2;2;4;1;4;4;1;0;3;1;0;0;0;0;0;2;0;0;4;2;3;1;0;0;0;2;4;1;3;3;0;0;1;3;1;2;2;5;1;1;0;0;1;0;0;1;1;3;0;1;2;0;0;1;1;0;1;1;2;0;4;1;2;2;2;1;1;2;0;1;1;2;1;0;0;1;3;1;1;1;2;2;2;2;1;1;2;3;2;1;0;1;0;1;1;0;1;0;1;1;2;2;1;0;0;0;2;3;0;0;1;2;1;2;2;0;1;0
Los Ríos;1209;Palenque;0;0;1;0;1;0;0;0;1;1;0;0;0;0;1;0;0;1;1;4;0;1;1;1;0;0;1;0;0;0;0;0;0;1;0;0;0;1;0;1;0;1;0;0;0;1;0;1;0;0;0;0;0;0;0;0;1;0;2;0;0;0;2;0;0;0;0;1;0;1;0;3;1;0;0;0;0;0;0;0;0;0;0;0;1;0;0;0;0;0;0;0;0;0;1;0;1;1;0;0;0;0;2;1;0;0;0;0;0;1;1;0;0;2;0;0;0;0;0;0;0;0;0;0;0;0;0;0;0;0;0;0;0;0;0;1;0;0;0;0;0;0;0;0;0;0
Los Ríos;1210;Buena Fe;2;0;7;1;5;2;3;2;5;2;3;1;3;0;2;4;4;0;3;4;2;2;4;5;4;2;2;0;1;0;0;3;1;1;2;0;2;0;1;1;2;0;2;3;2;3;1;2;4;2;6;1;0;1;5;3;0;3;3;2;3;1;4;2;0;1;2;1;2;1;1;1;4;2;3;1;0;0;0;2;1;1;1;1;0;1;2;4;0;1;1;1;1;3;0;5;3;1;0;2;5;2;4;3;1;2;3;3;3;3;1;4;5;3;1;1;2;4;2;2;2;3;4;3;1;6;2;1;2;1;0;0;0;1;1;2;4;2;0;1;2;1;0;3;0;1
Los Ríos;1211;Valencia;1;0;0;1;0;2;1;2;1;0;0;1;0;2;1;1;0;2;0;0;0;1;0;1;2;3;2;1;1;1;1;2;0;0;1;1;1;1;1;1;1;1;0;1;1;0;0;0;0;1;1;0;1;1;1;2;1;0;1;0;0;1;0;2;1;2;0;2;3;1;2;1;1;0;2;0;0;1;0;0;0;2;0;2;0;0;1;0;0;0;0;1;0;0;0;0;2;1;1;1;1;1;1;3;1;0;0;1;2;5;3;4;6;5;1;1;1;5;2;0;1;1;1;3;4;2;1;0;3;1;3;2;0;1;0;1;0;0;1;1;1;2;0;1;1;2
Los Ríos;1212;Mocache;0;0;3;0;0;1;0;0;2;2;2;0;1;2;0;0;0;0;0;0;1;0;1;0;0;0;1;0;1;0;2;0;0;1;0;1;0;0;0;0;0;1;0;2;0;0;1;0;0;0;0;0;0;1;0;2;1;0;0;0;0;1;0;2;0;0;0;0;0;1;1;0;1;1;2;0;0;0;0;1;1;1;2;2;1;0;0;0;0;0;0;0;0;0;0;2;3;1;4;3;1;1;1;0;0;0;0;2;1;5;1;1;0;1;0;0;1;0;1;0;0;1;0;0;0;0;1;1;2;0;0;1;0;0;0;0;0;0;0;0;0;0;0;0;0;1
Los Ríos;1213;Quinsaloma;1;0;0;0;2;0;0;0;0;0;1;1;1;1;1;0;1;0;1;0;0;0;0;0;2;1;1;1;0;0;0;0;0;1;0;0;0;0;0;0;0;0;0;0;1;1;0;0;0;0;1;1;0;0;2;0;0;0;0;0;0;0;1;1;1;1;0;0;0;0;0;0;0;0;0;0;0;0;0;1;1;0;0;0;0;0;0;0;0;0;0;0;0;0;0;0;2;2;0;0;0;0;0;0;0;0;0;0;0;0;0;1;0;0;0;1;0;1;1;0;0;0;0;0;0;0;0;0;0;0;0;0;0;0;0;0;0;0;0;0;0;0;0;0;0;0
Manabí;1301;Portoviejo;11;10;18;10;7;8;8;6;8;10;14;8;8;15;15;26;12;8;8;11;8;5;6;8;7;8;5;21;7;9;12;7;5;9;3;9;7;16;9;17;13;6;2;7;5;5;3;4;3;9;8;9;10;4;6;3;4;8;9;4;5;5;10;7;9;7;5;11;4;11;16;12;3;7;5;7;11;3;4;4;10;10;9;7;2;7;3;9;6;6;7;16;11;6;4;3;6;3;8;18;18;12;9;13;17;22;17;20;14;13;28;8;14;22;14;13;20;12;23;21;12;12;15;23;12;13;7;11;13;12;15;13;8;7;11;8;13;7;9;3;10;11;5;4;2;6
Manabí;1302;Bolivar;1;1;1;0;1;0;2;0;0;1;2;1;0;0;2;0;3;1;1;2;1;0;0;3;0;2;1;0;1;1;0;3;1;1;0;1;0;1;0;1;0;0;0;1;0;1;1;0;1;0;0;1;0;0;2;1;0;0;0;0;0;0;2;0;1;0;0;0;1;1;0;2;1;0;0;0;0;0;0;0;0;0;0;0;0;4;0;2;0;0;0;1;0;2;4;0;0;0;1;2;0;1;0;1;0;1;0;2;2;0;0;0;2;1;1;0;1;1;2;0;0;0;1;0;0;0;0;0;0;0;0;0;0;0;1;2;0;0;0;0;1;1;0;0;0;0
Manabí;1303;Chone;4;4;2;2;2;3;3;1;3;3;2;3;4;1;4;4;5;6;0;5;1;0;4;4;3;8;1;2;1;3;2;0;2;4;0;3;0;3;1;0;0;4;0;0;0;1;2;3;0;0;2;2;0;0;0;3;1;3;1;1;1;2;0;1;1;0;3;2;1;2;1;3;3;4;1;0;0;0;1;1;1;2;2;0;2;1;0;0;0;2;1;2;2;1;2;2;1;0;0;1;0;3;1;3;5;1;4;1;4;0;1;1;0;1;1;1;2;1;5;1;2;2;1;1;1;1;1;2;1;2;2;0;3;3;2;2;1;1;0;1;0;0;2;1;4;1
Manabí;1304;El Carmen;3;1;0;3;1;1;0;2;6;3;4;2;0;2;3;3;1;6;4;0;1;1;4;5;2;2;1;0;0;4;1;2;1;1;1;1;2;1;3;5;6;1;3;5;1;2;1;2;2;0;2;2;1;0;3;0;1;0;2;3;0;2;0;2;0;1;0;3;2;1;1;0;2;3;0;0;0;1;1;0;2;2;1;1;4;4;1;0;3;3;1;0;0;0;1;0;3;1;2;2;1;2;0;1;3;3;2;1;1;0;0;0;0;1;2;0;3;0;1;0;1;0;2;1;1;1;0;2;0;1;4;3;1;2;2;0;3;2;1;0;0;0;1;1;1;2
Manabí;1305;Flavio Alfaro;0;0;1;0;0;0;0;1;0;0;0;0;1;0;1;0;1;0;0;1;1;0;0;0;0;0;1;0;1;1;0;0;0;0;0;0;0;0;0;0;0;1;0;1;0;1;0;0;0;0;1;1;1;1;0;0;1;0;0;2;1;0;0;1;0;0;0;0;0;1;0;0;0;0;1;0;0;0;0;0;0;0;0;0;0;0;0;0;0;0;0;0;0;1;0;0;1;0;0;1;0;0;0;0;0;0;0;0;0;0;0;0;0;0;0;0;1;0;0;0;0;0;0;0;0;0;0;0;0;0;0;0;0;0;0;0;0;0;1;0;0;0;0;1;0;0
Manabí;1306;Jipijapa;0;0;1;1;1;0;0;2;0;2;1;0;0;2;0;0;0;1;1;0;2;0;0;0;0;1;0;1;0;0;0;0;0;0;1;1;0;0;0;0;1;0;0;1;0;0;0;0;0;0;0;0;1;0;1;0;1;2;0;0;0;1;0;0;0;0;0;4;2;0;0;0;0;0;0;0;0;0;0;0;0;0;0;0;0;0;1;1;0;0;0;0;0;0;0;1;2;0;0;0;2;0;0;1;1;0;1;0;2;2;2;1;1;2;2;1;3;3;2;1;3;1;1;0;2;0;3;0;1;0;2;0;2;0;1;2;1;1;3;0;0;1;2;2;0;0
Manabí;1307;Junin;0;0;0;0;0;0;0;1;0;0;1;1;0;0;1;0;0;1;0;1;1;0;1;2;0;0;0;0;0;0;1;1;0;1;0;0;1;0;0;0;3;1;0;1;0;0;0;0;0;0;0;1;0;0;0;0;2;0;0;0;0;0;0;0;0;0;0;0;0;1;0;0;0;0;0;0;0;0;0;0;0;0;0;0;0;0;0;0;1;0;0;0;0;0;0;0;0;1;0;0;0;1;0;0;0;0;0;0;0;1;1;1;0;2;0;1;1;1;0;0;0;1;0;0;0;1;0;0;0;0;0;0;0;0;0;0;0;0;1;0;1;0;0;0;0;0
Manabí;1308;Manta;14;11;10;13;11;8;11;11;11;8;16;14;14;8;18;14;18;24;15;6;10;11;13;10;6;7;20;12;11;16;11;6;11;14;4;6;8;8;17;15;15;15;8;8;3;7;10;15;9;6;9;4;7;7;4;0;8;4;5;14;12;16;9;5;18;13;9;10;12;9;12;15;8;8;6;3;4;1;7;7;7;14;11;8;8;9;6;11;2;2;10;6;5;2;6;9;4;5;5;14;11;9;9;10;17;15;14;6;5;4;5;3;5;4;4;0;4;5;7;6;6;4;5;3;2;2;4;9;8;5;4;4;4;6;4;4;5;3;4;2;4;8;1;2;1;0
Manabí;1309;Montecristi;3;1;2;3;2;2;1;2;1;0;4;2;4;3;6;3;3;3;2;1;2;1;1;1;2;0;1;2;3;2;1;4;1;1;0;1;1;0;4;3;2;1;1;0;0;0;0;0;1;2;2;2;1;2;4;2;0;3;1;1;3;8;3;3;0;2;2;2;2;4;2;3;1;1;3;2;1;1;6;0;1;3;1;1;1;0;0;1;1;2;6;2;1;0;0;1;1;0;1;4;0;0;2;2;1;3;2;3;0;1;3;0;2;4;3;2;1;2;1;2;2;2;0;2;1;0;3;3;2;3;0;0;1;0;0;0;1;2;1;3;0;1;0;1;0;0
Manabí;1310;Pajan;0;1;0;1;0;0;0;1;0;0;1;1;0;1;0;0;1;0;0;0;1;0;0;0;0;0;0;0;0;0;1;0;1;1;0;0;0;0;1;0;0;0;0;0;0;1;0;0;1;1;1;0;0;0;0;0;1;0;0;0;0;2;2;1;0;0;0;2;0;0;0;0;0;0;1;0;0;0;0;0;0;0;0;0;1;1;0;0;0;0;0;0;0;0;0;0;0;0;2;2;0;1;0;0;0;0;1;0;1;0;0;0;0;0;1;0;1;1;0;1;0;0;1;2;0;1;0;0;0;0;0;0;0;0;0;0;1;0;0;0;0;0;0;0;0;0
Manabí;1311;Pichincha;0;0;1;0;0;0;0;0;0;1;0;0;0;0;0;0;2;0;0;0;0;0;1;1;1;0;0;0;0;1;0;0;0;0;0;0;1;0;0;0;0;0;0;0;0;0;0;0;0;0;0;0;0;0;0;0;0;0;0;0;0;0;0;0;0;0;0;0;0;0;0;0;0;0;0;0;0;0;0;0;0;0;0;0;0;0;0;0;0;0;0;0;0;0;0;0;0;0;0;1;0;0;0;0;0;0;0;0;0;0;0;0;0;0;0;0;0;0;0;0;0;0;0;0;0;0;1;1;0;0;0;0;0;0;0;0;0;1;0;0;0;0;0;0;0;0
Manabí;1312;Rocafuerte;0;1;0;0;2;1;0;0;0;0;0;0;1;0;0;0;1;1;0;0;1;1;0;0;0;0;0;0;0;0;0;0;0;0;0;1;0;1;2;0;2;0;0;2;0;1;0;0;0;0;0;0;0;0;0;0;0;1;0;0;2;3;0;0;1;0;1;2;0;2;3;1;0;0;0;0;1;0;0;0;0;1;0;1;0;0;0;1;1;0;0;0;1;0;0;0;0;0;3;1;0;0;3;1;6;3;1;1;2;0;0;0;0;0;0;0;1;0;0;0;0;0;0;0;0;1;0;0;0;0;0;1;0;0;0;0;0;0;1;2;0;1;0;1;0;0
Manabí;1313;Santa Ana;0;0;1;0;0;2;0;1;0;3;0;1;0;0;0;0;1;1;0;0;0;0;0;0;0;1;0;0;0;0;0;0;0;0;0;0;1;0;0;0;0;0;1;1;0;0;0;0;1;1;0;0;0;0;0;0;0;1;0;0;0;0;0;0;2;2;0;1;0;0;0;0;0;0;0;0;0;0;0;0;0;0;0;0;1;0;0;0;0;1;0;0;0;0;0;0;0;0;0;0;0;0;0;1;1;1;1;0;0;1;0;0;1;0;0;0;1;1;0;1;0;1;1;0;1;0;0;0;0;1;0;0;0;0;0;0;1;0;1;0;0;0;0;0;0;0
Manabí;1314;Sucre;2;2;3;3;2;3;3;1;4;1;0;1;1;2;0;1;2;2;1;3;3;3;4;7;1;1;3;3;1;0;0;0;0;1;2;2;2;0;1;3;3;0;0;0;1;1;1;1;2;0;1;0;2;0;1;0;0;1;2;1;0;1;1;0;0;2;2;1;1;0;3;2;2;1;0;1;0;0;1;0;1;1;4;1;0;1;1;0;0;1;0;0;1;1;1;0;1;1;1;2;0;1;1;1;2;0;0;2;3;3;1;1;0;1;1;0;1;4;2;2;0;3;0;0;0;4;1;2;4;1;0;1;4;3;0;0;0;0;0;2;0;0;2;3;0;0
Manabí;1315;Tosagua;0;2;1;0;1;1;0;1;0;1;2;2;1;0;1;0;1;0;3;0;1;1;1;0;1;0;0;0;0;0;1;0;0;1;0;1;0;0;0;0;0;1;0;0;0;0;0;1;0;0;0;0;0;1;0;1;2;1;0;0;0;0;0;2;0;1;1;0;1;1;1;0;0;0;0;0;0;0;0;0;0;0;0;1;1;0;1;0;1;1;1;1;0;0;0;0;0;0;1;1;0;2;1;1;1;0;0;0;0;0;0;0;0;0;0;1;2;2;0;1;0;0;0;0;0;1;0;0;0;2;0;1;0;2;0;0;1;0;0;0;1;1;0;0;0;0
Manabí;1316;24 De Mayo;2;0;0;0;0;0;0;0;0;0;1;0;0;1;0;0;0;0;0;0;0;0;0;1;0;0;0;0;0;0;0;2;0;0;0;0;0;1;0;0;0;0;0;0;0;0;0;0;0;1;0;0;0;0;0;0;0;1;1;1;1;1;0;0;0;0;0;0;0;0;0;0;0;0;0;0;0;0;0;0;1;0;0;0;0;0;0;0;0;0;0;0;0;0;0;0;0;0;0;0;1;0;0;0;0;0;1;1;2;0;0;0;0;0;1;0;1;0;0;0;0;1;0;0;1;0;0;0;0;0;1;0;0;0;0;1;2;0;0;0;0;0;0;0;0;0
Manabí;1317;Pedernales;6;3;0;2;1;1;0;0;1;1;1;1;1;2;2;3;3;1;1;4;0;0;1;2;0;0;1;7;0;0;2;1;1;0;0;0;0;3;3;3;0;1;1;3;0;2;2;0;1;2;0;2;1;0;3;0;1;1;0;0;2;3;3;1;0;0;2;1;1;2;2;1;2;1;1;0;1;0;0;0;1;2;0;0;0;0;0;1;0;0;0;0;4;1;1;7;0;1;4;4;6;0;3;5;3;1;1;4;0;2;2;4;2;4;2;2;1;2;1;0;2;2;0;2;1;1;4;2;2;1;1;1;5;2;3;0;2;4;2;3;1;3;2;2;0;0
Manabí;1318;Olmedo;0;0;2;0;0;0;0;0;1;0;0;0;0;0;0;0;0;1;0;0;0;0;0;0;0;0;1;2;0;0;0;0;0;0;0;0;0;0;0;0;0;0;0;0;1;0;0;0;0;0;0;0;0;0;0;0;0;0;0;0;0;1;0;0;0;2;0;1;0;0;0;0;0;0;0;0;0;0;0;0;0;0;0;1;0;0;0;0;0;0;0;0;0;0;0;0;0;1;0;0;0;0;0;0;0;0;0;0;0;0;0;0;0;0;0;0;0;0;0;0;0;0;0;0;0;0;0;0;0;1;0;0;1;0;0;0;0;0;0;0;0;0;0;0;0;0
Manabí;1319;Puerto Lopez;0;0;0;0;0;0;0;0;1;1;0;0;1;1;0;0;0;0;0;0;0;1;1;0;0;0;0;0;0;0;1;1;0;0;2;0;0;0;0;1;0;0;0;0;0;1;1;0;1;0;0;0;0;0;1;0;0;0;0;0;0;1;0;0;0;0;0;0;0;0;0;0;2;0;0;0;0;0;0;0;0;0;0;0;0;1;0;0;0;0;0;0;2;0;0;0;0;0;0;0;0;0;0;0;0;0;1;0;1;0;0;2;0;1;1;1;0;0;1;0;0;0;0;0;0;1;0;0;0;0;0;0;0;0;0;0;0;0;0;0;0;0;0;0;1;1
Manabí;1320;Jama;0;0;1;0;0;0;0;0;0;0;0;0;0;0;0;0;0;0;0;0;0;0;0;0;0;0;0;1;0;0;0;0;3;0;1;0;0;0;1;1;1;0;0;0;0;0;0;1;0;0;0;0;0;0;0;0;0;0;0;0;0;0;0;0;0;0;0;1;0;0;0;0;1;0;0;0;0;0;0;0;0;0;0;0;0;0;0;1;0;0;2;0;0;1;0;0;0;0;0;0;0;0;1;0;1;1;0;0;0;0;0;0;0;0;0;0;0;0;0;0;1;0;0;0;0;0;1;0;0;0;2;0;0;1;0;0;0;0;1;0;0;2;0;0;0;0
Manabí;1321;Jaramijo;0;0;0;0;1;0;0;0;0;1;0;0;0;0;0;0;1;0;0;0;0;1;0;1;0;0;0;0;0;0;0;0;0;1;0;0;0;0;0;1;1;0;0;1;1;0;1;0;0;0;0;0;0;0;0;0;1;1;0;1;0;0;0;0;1;0;0;0;0;0;0;1;0;1;0;0;0;0;1;0;1;0;0;2;1;0;0;0;0;1;0;2;2;0;0;1;0;0;0;0;0;1;0;0;0;0;0;0;0;0;0;0;1;2;0;0;2;0;2;0;0;0;0;0;0;0;0;0;0;0;0;0;0;0;0;1;0;0;0;0;1;0;0;0;0;0
Manabí;1322;San Vicente;0;2;0;3;3;1;0;0;0;1;1;0;1;2;2;2;2;1;2;0;3;3;2;1;0;1;0;2;0;1;0;0;1;1;0;0;1;3;2;2;0;3;0;1;1;2;0;0;0;0;2;1;1;2;1;0;0;2;0;0;1;2;1;2;1;0;0;0;1;0;0;2;1;0;0;0;0;0;0;2;1;0;0;0;1;3;0;0;0;0;1;1;0;2;0;0;0;1;1;0;0;1;0;1;1;1;0;0;1;1;5;1;2;0;1;1;1;0;2;0;0;0;1;1;1;2;1;1;0;0;1;0;0;0;2;1;0;1;1;0;0;0;0;0;0;1
Morona Santiago;1401;Morona;4;2;1;2;4;4;3;2;1;5;3;2;2;0;2;4;1;2;2;1;4;2;3;1;2;1;2;1;3;3;2;3;2;5;3;2;1;1;2;2;3;2;1;2;0;2;1;2;0;2;2;2;3;2;3;0;3;0;0;0;1;4;5;1;0;2;4;2;1;3;1;3;1;0;0;0;0;0;1;1;1;1;1;1;4;1;4;0;1;2;1;1;0;1;1;4;2;1;0;4;1;0;0;3;6;5;1;0;0;0;1;0;1;2;0;1;2;0;0;0;1;1;0;2;1;1;2;1;0;3;2;3;4;1;1;0;1;1;3;1;0;0;1;0;1;2
Morona Santiago;1402;Gualaquiza;1;1;2;0;1;4;0;2;0;1;0;1;2;0;0;3;1;1;1;0;0;0;1;0;1;0;0;0;1;1;0;0;2;0;1;0;0;0;0;0;1;2;0;0;1;0;0;1;1;0;1;0;0;1;0;0;0;0;0;0;1;0;1;0;0;1;0;0;0;0;0;1;1;0;0;0;0;0;0;0;0;0;0;0;0;0;0;0;0;0;0;1;1;0;0;0;1;0;0;2;1;1;0;0;0;0;0;0;2;0;1;0;0;0;1;0;0;1;2;0;2;0;1;0;1;2;1;1;0;0;0;0;0;0;0;3;0;2;0;0;0;0;0;0;0;0
Morona Santiago;1403;Limon Indanza;0;1;1;0;0;0;0;1;2;0;0;0;0;0;0;0;0;0;0;1;0;0;0;0;1;0;1;2;0;0;0;0;0;0;0;1;0;0;1;0;0;1;0;0;1;1;0;0;1;0;0;0;0;0;0;0;0;0;0;0;0;0;0;0;0;0;0;0;0;0;0;0;0;0;0;0;0;0;0;0;0;0;0;0;0;1;0;1;0;0;0;0;0;0;0;0;0;1;0;0;0;2;1;0;0;0;1;0;0;1;1;1;0;0;0;0;0;0;0;0;1;0;0;0;0;0;1;0;1;0;0;0;0;1;0;0;1;0;0;0;1;0;0;0;0;0
Morona Santiago;1404;Palora;0;0;0;0;0;2;1;0;0;0;1;0;0;0;0;2;0;0;1;0;0;0;0;1;1;0;1;0;2;0;0;0;0;0;0;1;0;1;0;0;0;1;0;2;2;0;1;1;0;0;0;0;3;0;1;0;0;0;0;0;0;0;0;0;0;0;0;1;0;0;0;0;0;0;0;0;0;0;0;0;0;0;0;0;0;0;0;0;0;1;2;0;0;3;0;0;0;0;0;0;0;0;0;0;0;0;0;0;0;0;0;1;0;0;0;0;0;0;0;0;0;0;2;1;0;0;1;1;0;0;0;0;0;0;0;0;1;0;0;1;1;0;0;0;0;0
Morona Santiago;1405;Santiago;0;0;0;0;0;0;1;0;0;0;0;0;1;2;1;1;1;0;0;0;0;0;0;0;1;0;0;0;0;0;0;2;0;1;0;0;0;0;0;0;0;0;0;0;0;0;0;0;0;0;0;0;0;0;0;0;0;0;0;0;0;0;0;0;1;0;0;0;0;0;0;0;0;0;0;0;0;0;0;0;0;0;0;0;0;0;0;0;0;0;0;0;0;0;0;0;0;0;0;1;0;0;0;0;0;0;1;0;0;0;0;0;0;0;0;0;0;0;0;1;0;0;0;0;1;0;0;0;0;0;0;0;1;0;0;0;0;0;0;0;0;0;1;0;0;0
Morona Santiago;1406;Sucua;3;2;0;1;2;1;0;0;0;0;0;0;1;0;1;1;1;3;0;0;2;2;0;0;1;1;0;0;0;2;0;0;1;0;0;0;0;0;0;0;0;0;0;1;0;2;0;1;0;0;0;1;2;1;0;0;1;1;0;0;0;2;2;0;0;0;0;0;0;0;0;1;0;0;0;0;0;1;1;0;1;0;0;1;0;0;0;0;0;1;0;1;0;1;1;0;0;0;1;1;0;0;0;1;0;1;2;0;0;0;1;2;0;0;0;1;0;0;3;0;0;0;1;0;0;1;2;0;0;1;0;0;0;0;0;0;0;0;0;0;0;1;0;0;2;0
Morona Santiago;1407;Huamboya;0;0;0;0;0;0;0;0;0;1;0;0;1;0;0;0;0;0;0;1;0;0;0;0;0;0;0;0;0;0;0;0;0;0;0;0;0;0;0;0;0;0;0;0;0;0;0;0;0;0;1;1;0;0;0;0;0;0;0;2;0;0;0;0;0;0;0;0;0;0;0;0;0;1;0;0;0;0;0;0;0;0;0;0;0;0;0;0;0;0;0;0;0;0;0;0;0;0;0;0;0;0;0;0;0;0;0;0;0;0;0;0;0;0;0;0;0;0;0;0;0;0;0;0;0;0;2;1;0;0;0;0;0;0;0;0;0;0;0;0;1;0;0;0;0;0
Morona Santiago;1408;San Juan Bosco;0;0;0;0;0;0;0;0;0;0;0;0;0;0;0;0;0;0;0;0;0;0;0;0;0;0;0;0;0;0;0;0;0;0;0;1;0;0;0;0;0;0;1;0;0;0;0;0;0;0;0;0;0;0;0;0;0;0;0;0;0;0;0;0;1;0;0;0;0;0;0;0;0;0;0;0;0;0;0;0;0;0;0;0;0;0;0;0;0;0;0;0;0;0;0;0;0;0;0;0;0;0;0;0;0;0;0;0;0;0;0;0;0;0;0;0;0;1;0;0;0;0;0;0;0;0;0;0;0;0;0;0;0;0;0;0;0;0;0;0;0;0;0;0;0;0
Morona Santiago;1409;Taisha;0;0;0;0;0;0;0;0;0;0;0;0;0;0;0;0;0;0;0;0;0;0;0;0;0;0;0;0;0;0;0;0;0;0;0;0;0;0;0;0;0;0;0;0;0;0;0;0;0;0;0;0;0;0;0;0;0;0;0;0;0;0;0;0;0;0;0;0;0;0;0;0;0;0;0;0;0;0;0;0;0;0;0;0;0;0;0;0;0;0;0;0;0;0;0;0;0;2;0;1;0;0;0;0;0;0;0;0;0;0;0;0;0;0;0;0;0;0;0;0;0;0;1;1;0;0;1;0;0;0;0;0;0;1;0;0;0;0;0;0;1;0;0;0;0;0
Morona Santiago;1410;Logrońo;0;0;0;0;0;0;0;0;1;0;0;0;0;0;0;0;0;0;0;0;0;0;0;0;0;0;0;0;0;0;0;0;0;0;0;0;0;0;0;0;0;0;0;0;0;0;0;1;0;0;1;0;0;0;0;0;0;0;0;0;0;0;0;0;0;0;0;0;0;0;0;0;0;0;0;0;0;0;0;0;0;0;0;0;0;0;0;0;0;0;0;0;0;0;0;0;0;0;0;0;0;0;0;0;0;1;0;0;0;0;0;0;0;0;0;0;0;0;0;0;0;0;0;0;0;0;0;0;0;0;0;0;0;0;0;0;0;0;0;0;0;0;0;0;0;0
Morona Santiago;1411;Pablo Sexto;0;0;0;1;1;0;0;0;0;0;0;0;0;0;0;0;0;0;0;0;0;0;1;1;0;0;0;0;0;0;0;0;1;0;0;0;0;0;0;0;0;0;0;0;0;0;0;0;0;0;0;0;0;0;0;0;0;0;0;0;0;0;0;0;0;0;0;0;0;0;0;0;0;0;0;0;0;0;0;0;0;0;0;0;0;0;0;0;0;0;0;0;0;0;0;0;0;0;0;0;0;0;0;0;0;0;0;0;0;0;0;0;0;0;0;0;0;0;0;0;0;0;0;0;0;0;0;0;0;0;0;0;0;0;0;0;0;0;0;0;0;0;0;0;0;0
Morona Santiago;1412;Canton Tiwintza;0;0;0;0;0;0;0;0;0;0;0;0;0;0;0;0;0;0;0;0;1;0;0;0;0;0;0;0;0;0;0;0;0;0;0;0;0;0;0;0;0;0;1;0;0;0;0;0;0;0;0;0;0;0;0;0;0;0;0;0;0;0;0;0;0;0;0;0;0;0;0;0;0;0;0;0;0;0;0;0;0;0;0;0;0;0;0;0;0;0;0;0;0;0;0;0;0;0;0;0;0;0;0;0;0;0;0;0;0;0;0;0;0;0;0;0;0;0;0;0;0;0;0;0;0;0;1;0;0;0;0;0;0;0;0;0;0;0;0;0;0;0;0;0;0;0
Napo;1501;Tena;4;0;2;2;3;1;2;3;0;5;3;0;4;1;2;4;1;9;2;4;4;5;5;0;5;1;2;1;4;3;1;8;3;1;2;7;1;2;3;5;2;1;3;5;1;2;4;4;0;1;1;0;3;1;4;4;0;1;4;2;4;1;1;0;1;1;3;1;2;4;1;1;0;1;3;0;0;0;2;1;3;1;1;1;4;3;0;2;2;1;3;5;1;0;5;2;4;1;5;6;1;1;5;2;5;2;4;1;1;3;6;2;2;4;5;3;3;2;1;2;1;1;2;0;2;1;1;0;2;0;0;2;2;1;0;0;2;0;1;0;0;2;0;1;1;1
Napo;1503;Archidona;0;0;0;0;0;0;0;0;0;0;0;0;1;0;0;0;0;0;0;2;0;0;0;0;0;0;0;0;1;0;0;0;0;0;2;0;0;0;0;0;0;1;0;1;1;0;0;0;0;0;0;0;0;0;0;1;0;0;1;1;1;1;1;0;0;0;0;0;0;0;1;1;0;1;0;0;0;0;0;0;0;1;0;0;0;0;0;1;0;0;0;1;0;0;0;0;1;1;1;0;1;0;1;0;0;1;0;0;1;0;1;0;2;0;0;0;0;0;0;0;0;1;1;1;1;0;2;0;0;0;1;0;1;0;0;0;0;1;0;1;0;0;0;0;0;0
Napo;1504;El Chaco;0;0;0;0;1;0;1;0;2;0;0;0;0;1;0;0;0;1;0;0;0;0;1;1;0;0;0;0;0;0;0;1;0;0;0;0;0;0;0;0;0;0;1;0;0;0;0;0;1;0;0;0;0;0;0;1;0;0;0;0;0;0;0;0;0;0;0;0;1;0;0;0;0;0;0;0;0;0;0;0;0;0;0;0;0;0;1;0;0;0;0;0;0;0;0;0;0;0;0;0;0;0;0;0;0;0;0;0;0;1;3;0;0;0;0;0;0;1;0;0;0;1;0;0;0;0;0;0;0;0;0;0;0;0;1;0;0;0;0;0;1;0;0;0;0;0
Napo;1507;Quijos;1;0;0;0;0;1;0;1;0;1;0;0;0;0;0;0;0;0;1;0;0;0;0;1;1;0;1;0;0;0;0;0;0;1;0;0;0;0;0;0;0;0;0;0;2;0;0;0;0;0;0;0;0;0;0;0;0;0;1;0;0;0;0;0;0;0;0;0;0;0;0;0;0;0;0;0;0;0;0;0;0;0;0;0;0;0;0;0;0;0;0;0;0;1;1;0;0;2;0;0;0;1;0;0;0;0;0;0;0;1;0;0;0;0;0;2;0;0;0;0;0;0;0;0;0;0;0;0;0;0;0;0;0;0;0;0;0;0;0;0;0;0;0;0;0;0
Napo;1509;Carlos Julio Arosemena Tola;0;0;0;0;1;0;0;0;0;0;0;0;0;0;0;0;0;0;0;0;0;0;1;0;0;0;0;0;0;0;0;0;0;0;0;0;0;0;0;0;0;0;0;0;0;0;0;0;0;0;0;0;0;0;0;0;0;0;0;0;0;0;0;1;0;0;0;0;0;0;0;0;0;0;0;0;0;0;0;0;0;0;0;0;0;0;0;0;0;0;0;0;0;0;0;0;0;0;0;0;0;0;0;0;0;0;0;1;0;0;0;0;0;0;0;0;0;0;0;0;0;0;0;0;0;0;0;0;0;0;0;0;0;0;0;0;0;0;0;0;0;0;0;0;1;0
Pastaza;1601;Pastaza;3;4;1;4;5;4;4;1;3;2;2;6;6;5;5;3;2;3;10;6;3;3;4;4;6;1;2;3;2;0;10;4;4;0;4;0;0;3;2;4;4;1;2;0;3;0;3;4;2;1;4;5;1;5;0;2;5;2;7;0;1;4;3;3;1;5;1;1;1;5;1;2;1;2;1;0;0;2;1;1;1;0;1;1;2;4;2;3;5;1;5;3;2;2;3;1;1;3;6;3;2;5;4;2;4;1;6;2;0;1;1;1;3;2;1;0;0;0;0;3;1;0;0;1;0;2;0;2;3;0;2;1;1;1;0;4;1;3;1;1;2;3;0;2;0;0
Pastaza;1602;Mera;0;1;0;0;0;0;0;0;0;0;0;1;0;1;1;0;0;3;0;0;0;0;2;0;0;2;0;0;0;1;0;1;0;1;1;0;1;0;0;0;1;1;1;0;0;0;0;0;0;0;1;0;0;0;0;0;1;0;1;0;1;0;0;1;0;0;0;0;0;0;1;1;0;1;0;0;1;0;1;0;0;2;0;0;0;1;0;0;0;0;0;0;0;0;0;1;0;0;0;1;0;0;0;0;0;0;1;0;0;0;0;0;0;0;0;0;0;0;0;0;0;0;0;0;0;0;2;0;0;1;0;0;0;0;0;0;0;0;0;1;0;0;0;0;0;0
Pastaza;1603;Santa Clara;0;1;0;0;0;0;1;0;0;1;0;0;0;0;0;0;0;0;0;1;0;0;0;0;0;0;1;0;0;0;0;0;0;2;0;0;0;0;0;0;0;0;0;0;0;0;0;0;0;0;0;0;0;0;0;0;0;0;0;0;0;0;0;0;0;0;0;0;0;0;0;0;0;0;0;0;0;0;0;0;0;0;0;0;0;0;1;0;0;0;0;0;0;0;0;0;0;0;0;0;0;0;0;0;0;0;0;0;1;0;0;0;0;0;0;0;0;0;0;0;0;0;0;0;0;0;0;0;0;0;0;0;0;0;0;0;0;0;0;0;0;0;0;0;0;0
Pastaza;1604;Arajuno;0;0;0;0;0;0;0;0;0;1;0;0;1;0;0;0;0;0;0;0;0;0;0;0;0;0;0;0;0;0;0;0;0;0;0;0;0;0;0;0;0;0;0;0;0;0;0;0;0;0;0;0;0;0;0;0;0;0;0;0;0;0;0;0;0;0;0;1;0;0;0;0;0;0;0;0;0;0;0;0;0;0;0;0;0;0;0;0;0;0;0;0;0;0;0;0;0;0;0;0;0;0;0;0;0;0;0;0;0;0;0;0;0;0;0;0;0;0;1;0;0;0;0;0;0;0;0;0;0;0;0;0;0;0;0;0;0;0;0;0;0;0;0;0;0;0
Pichincha;1701;Quito;201;183;171;167;165;144;165;167;200;206;160;155;213;156;170;135;122;122;184;227;234;231;192;211;155;162;137;156;150;168;135;134;138;147;115;137;112;115;121;121;135;92;89;118;131;139;126;104;100;110;107;105;119;125;99;100;87;113;146;136;113;121;126;118;100;92;114;115;143;169;139;161;158;121;61;44;50;90;117;109;129;152;130;116;141;125;164;137;92;102;129;112;116;116;159;146;111;116;145;120;115;103;118;149;127;132;132;129;104;108;111;95;92;81;85;96;88;120;124;124;111;67;94;97;88;96;80;78;82;106;122;117;109;102;97;83;89;94;80;84;100;105;99;140;129;74
Pichincha;1702;Cayambe;10;0;3;5;4;2;2;2;1;5;3;4;7;2;4;4;8;6;4;2;6;2;3;5;3;3;3;6;4;4;2;2;1;1;1;1;2;3;2;2;2;3;2;6;2;1;0;1;2;0;1;0;2;1;2;0;0;3;2;1;4;2;1;3;1;1;4;3;7;3;3;2;3;1;1;0;0;2;1;1;3;0;3;3;1;1;2;0;3;2;2;7;0;2;4;4;1;3;2;1;2;1;2;1;2;2;1;2;1;3;0;0;3;1;0;2;1;3;2;2;0;1;4;1;2;6;3;3;0;2;3;0;2;2;0;2;2;0;0;4;1;0;1;1;1;3
Pichincha;1703;Mejia;4;3;2;4;1;8;3;4;7;5;3;4;2;2;3;2;7;6;6;2;1;3;2;8;6;6;4;4;8;8;2;3;4;3;0;0;3;3;4;4;0;1;2;2;2;3;3;1;1;0;4;7;1;4;2;1;0;0;2;2;1;2;3;2;4;0;0;6;4;4;2;5;2;1;2;0;1;0;4;3;3;2;0;1;2;1;2;1;1;6;2;1;2;3;5;2;4;2;0;0;1;0;1;1;1;1;4;5;2;0;2;4;1;2;5;1;2;4;0;5;3;2;3;5;2;8;3;0;8;0;5;3;0;1;1;3;2;2;2;6;1;4;3;2;0;4
Pichincha;1704;Pedro Moncayo;0;0;2;1;1;0;2;0;1;4;3;1;1;0;3;0;0;1;2;3;2;0;2;4;2;2;3;1;1;1;1;0;1;1;0;1;0;1;1;3;1;3;0;1;2;2;2;0;0;1;1;1;0;0;1;0;1;1;0;2;2;2;0;1;1;2;1;1;2;1;1;1;3;0;2;1;0;3;1;1;3;1;2;2;0;2;1;0;2;1;0;1;0;0;2;0;1;1;1;0;3;2;1;1;2;0;0;1;1;0;0;1;0;1;1;1;0;1;0;1;0;0;1;2;1;0;2;1;0;3;0;2;0;1;2;0;0;2;1;1;0;0;1;0;0;0
Pichincha;1705;Rumińahui;9;10;13;7;5;8;9;7;4;12;6;8;7;11;17;6;14;18;7;3;7;7;6;3;4;10;12;8;8;7;8;10;5;6;5;5;4;4;4;1;5;6;7;6;6;6;4;2;2;1;5;3;3;5;1;5;4;4;4;8;8;3;5;6;7;1;9;5;2;15;9;8;8;3;1;2;2;2;3;4;4;2;4;5;5;8;2;3;9;4;6;5;4;5;10;11;5;3;5;4;6;5;5;5;3;6;5;6;6;4;8;2;2;4;2;2;1;4;5;7;1;0;3;3;3;2;2;3;10;3;4;4;5;3;5;2;0;2;3;5;2;3;2;2;5;2
Pichincha;1707;San Miguel De Los Bancos;0;0;1;0;0;0;0;0;1;1;1;0;0;0;0;1;1;0;0;1;0;0;0;0;0;2;1;3;2;2;2;1;0;1;0;0;1;0;0;0;2;0;0;1;0;0;0;0;0;1;0;0;0;1;0;0;0;0;1;0;1;0;0;1;0;0;1;0;0;0;1;0;0;0;0;1;0;1;0;0;0;0;0;0;1;0;0;1;0;0;1;1;0;0;0;0;0;1;0;0;0;1;0;2;1;0;1;0;1;1;0;0;2;0;0;0;1;0;1;0;0;1;1;1;0;0;0;0;0;1;0;0;1;0;0;0;0;0;0;1;1;1;1;0;0;0
Pichincha;1708;Pedro Vicente Maldonado;0;2;0;0;1;1;2;0;0;0;0;0;1;4;1;3;2;1;1;0;1;2;0;1;1;1;0;4;0;0;0;0;0;0;0;1;0;0;0;2;0;0;0;0;0;2;1;0;0;0;0;0;0;0;0;0;2;1;1;0;0;0;0;1;0;0;1;1;0;1;1;0;0;0;0;0;0;0;1;0;1;0;0;1;2;1;0;0;1;0;0;2;0;0;0;0;0;0;1;5;0;1;0;1;0;0;1;0;0;0;0;0;2;1;0;1;0;0;1;1;0;0;0;0;0;0;0;1;0;2;0;0;0;0;0;1;1;0;0;0;0;0;0;0;0;0
Pichincha;1709;Puerto Quito;0;0;0;0;0;0;0;1;0;1;0;0;1;1;1;1;1;0;0;1;0;0;0;1;1;0;0;1;0;1;1;0;2;0;0;0;0;0;0;0;2;1;1;3;0;1;1;0;0;0;1;0;0;1;1;0;0;1;0;0;1;1;0;2;0;1;4;0;0;0;0;0;0;0;2;0;0;0;0;0;0;0;0;0;0;0;0;1;0;0;1;0;0;1;1;0;0;0;0;0;2;0;0;0;1;2;0;0;0;1;1;0;0;1;2;0;0;0;0;0;0;1;0;1;1;1;0;1;0;0;1;0;1;0;0;1;0;2;0;0;0;0;1;0;1;0
Tungurahua;1801;Ambato;8;5;8;12;15;14;20;20;8;12;11;17;6;4;6;8;5;10;13;10;9;18;13;5;8;13;11;8;17;18;5;3;11;6;9;8;13;9;14;5;12;7;17;6;12;12;7;8;9;8;4;7;6;2;6;10;11;10;10;8;15;10;10;6;11;8;11;8;12;12;8;14;7;12;9;5;7;8;16;11;12;2;7;10;11;9;8;11;7;8;16;5;16;7;4;10;12;6;11;12;15;15;13;6;6;5;10;6;5;2;2;4;3;1;1;1;1;1;5;1;2;4;3;2;1;3;4;2;2;3;0;2;1;2;1;0;3;0;2;0;1;1;0;0;1;0
Tungurahua;1802;Bańos De Agua Santa;0;1;0;0;0;1;0;0;1;0;0;0;1;1;1;2;0;0;1;0;1;0;0;1;1;0;0;0;0;0;1;0;0;0;0;0;0;2;0;0;0;2;0;0;1;1;0;2;2;1;0;2;0;1;0;0;2;0;0;0;0;2;0;1;0;0;2;0;0;0;0;0;0;1;1;0;0;0;0;0;0;0;0;0;1;0;0;1;1;0;0;0;1;0;0;0;0;0;0;0;0;0;0;1;0;0;0;0;0;0;0;0;0;0;0;0;0;0;0;0;0;0;0;0;0;0;0;0;0;0;0;0;0;0;0;0;0;0;0;0;1;0;0;0;0;0
Tungurahua;1803;Cevallos;0;0;0;1;0;0;0;0;0;0;0;0;0;0;0;0;0;0;0;2;0;1;0;0;0;0;0;0;0;0;0;0;0;0;0;0;2;0;0;0;0;0;0;0;0;2;0;0;0;0;0;0;0;0;0;0;0;0;0;0;0;0;0;1;0;0;0;0;0;0;0;0;0;0;0;0;0;0;0;0;0;0;0;0;0;0;0;0;0;0;0;0;0;0;0;0;0;1;0;0;0;0;0;0;0;0;0;0;0;0;0;0;0;0;0;0;0;0;0;0;0;0;0;0;0;0;0;0;0;0;0;0;0;0;0;0;0;0;0;0;0;0;0;0;0;0
Tungurahua;1804;Mocha;0;0;0;0;0;0;0;0;0;0;0;0;0;0;0;0;0;0;0;0;0;0;0;0;0;0;0;0;0;0;0;0;0;0;0;0;0;0;0;0;0;0;0;0;0;0;0;0;0;0;0;0;0;0;0;0;0;0;0;0;0;0;0;0;0;0;0;0;0;0;0;0;0;0;0;0;0;0;0;0;0;0;0;0;0;0;0;0;0;0;0;0;0;0;0;0;0;0;0;0;0;0;0;0;0;0;0;0;0;0;0;0;0;0;0;0;0;0;0;0;0;0;0;0;0;0;0;0;0;0;0;0;0;0;0;0;0;0;0;0;0;0;0;0;0;0
Tungurahua;1805;Patate;0;0;0;0;1;0;0;0;0;0;1;0;0;0;0;0;0;0;0;1;0;0;0;0;0;0;0;0;0;0;0;0;0;0;0;1;0;0;0;0;0;0;0;0;0;0;0;0;0;0;0;0;0;0;0;0;0;0;0;0;0;0;0;0;0;0;0;0;1;0;0;0;0;0;0;0;0;0;0;0;0;0;0;0;0;0;0;0;0;0;0;0;0;0;0;0;0;0;0;0;0;1;0;0;0;0;1;0;0;0;0;0;0;0;0;0;0;0;0;0;0;0;0;0;0;0;0;0;0;0;0;0;0;0;0;0;0;0;0;0;0;0;0;0;0;0
Tungurahua;1806;Quero;0;0;0;0;0;0;0;0;0;0;0;0;0;0;1;1;0;0;0;0;0;0;0;0;0;0;0;0;1;1;1;0;0;0;1;0;0;0;0;1;0;0;0;0;0;0;0;0;0;0;0;0;0;0;0;0;0;0;0;0;0;0;0;0;0;0;0;0;0;0;1;0;0;0;0;0;0;0;0;0;1;0;0;0;0;0;0;0;0;0;1;0;0;1;1;1;0;0;0;0;0;0;0;0;0;0;0;0;0;0;0;0;0;0;0;0;0;0;0;0;0;0;0;0;0;0;0;0;0;0;0;0;0;0;0;0;0;0;0;0;0;0;0;0;0;0
Tungurahua;1807;San Pedro De Pelileo;0;0;0;0;0;1;4;0;1;0;0;1;0;2;1;0;0;1;0;0;0;0;0;0;0;1;1;1;2;1;1;0;0;0;0;1;0;0;1;0;0;1;1;0;1;0;0;0;1;0;2;1;0;1;0;0;1;0;1;0;0;0;0;0;0;0;0;0;1;0;0;0;0;2;0;0;0;0;0;1;0;0;0;3;0;0;1;0;1;1;0;0;2;1;3;0;0;0;1;2;0;0;1;0;1;1;1;0;0;0;0;0;0;0;0;1;0;0;0;0;1;0;0;0;0;0;0;0;0;0;1;0;0;0;0;0;0;1;0;0;0;0;0;0;0;0
Tungurahua;1808;Santiago De Pillaro;2;1;0;1;0;0;0;0;0;1;0;0;1;1;0;0;4;0;0;1;1;1;0;1;0;0;0;1;0;0;0;0;0;0;0;0;0;0;0;2;0;1;0;0;0;0;0;0;0;0;0;0;0;0;0;0;0;1;1;0;0;0;1;0;0;1;0;0;0;0;1;0;0;0;0;0;0;0;0;0;1;0;0;0;0;0;0;0;1;0;0;0;0;0;1;0;0;0;0;0;0;0;0;0;0;0;0;0;0;0;0;0;0;0;0;0;0;0;0;0;0;1;0;0;0;0;0;0;0;0;0;0;0;0;0;0;1;1;0;0;0;0;0;1;0;0
Tungurahua;1809;Tisaleo;0;1;0;0;0;0;0;0;0;1;0;0;0;0;0;0;0;0;0;0;0;0;0;0;0;0;0;0;0;0;0;0;0;0;0;0;0;0;0;0;0;0;0;0;0;0;0;0;0;0;0;0;0;0;0;0;0;0;0;0;0;0;0;0;0;0;0;0;0;0;0;0;0;0;0;0;0;0;0;0;0;0;1;0;0;0;0;0;0;0;0;0;0;0;0;0;0;1;0;0;0;0;0;0;0;0;0;0;0;0;0;0;0;0;0;0;0;0;0;0;0;0;0;0;0;0;0;0;0;0;0;0;0;0;0;0;0;0;0;0;0;0;0;0;0;0
Zamora Chinchipe;1901;Zamora;2;1;2;1;0;1;0;0;1;0;1;1;0;1;2;0;0;1;0;1;0;0;1;0;1;3;0;0;0;0;0;0;0;1;1;3;2;1;2;2;0;1;1;0;1;1;1;1;1;2;0;1;0;1;1;1;0;3;2;0;0;0;0;0;1;0;2;4;0;0;1;1;2;0;1;0;0;0;1;0;1;0;1;3;1;0;1;0;0;0;0;2;0;3;1;0;0;0;1;0;0;1;2;0;0;2;0;1;0;1;3;0;0;1;1;0;1;3;0;0;2;2;1;2;2;0;1;1;0;0;0;1;0;0;2;0;0;0;1;2;0;1;0;0;0;0
Zamora Chinchipe;1902;Chinchipe;0;0;0;0;0;1;0;0;0;0;0;1;0;0;0;0;0;0;0;0;0;1;0;2;0;1;1;0;0;3;4;0;0;0;0;0;0;0;0;0;2;0;0;0;0;0;0;1;0;0;0;0;0;0;0;0;2;0;0;0;0;0;0;0;0;0;0;0;0;0;0;0;0;0;0;0;1;0;0;0;0;0;0;0;0;1;0;0;0;0;0;0;0;0;0;0;0;1;0;1;0;0;1;0;0;0;0;0;1;0;1;0;1;1;0;1;0;0;0;0;0;0;0;0;0;0;0;0;0;0;0;0;0;0;0;0;0;1;0;0;0;1;1;0;0;0
Zamora Chinchipe;1903;Nangaritza;0;0;0;0;0;0;0;0;0;0;0;0;0;0;0;0;0;0;0;0;0;0;0;0;0;0;0;1;0;0;0;0;0;0;0;0;0;0;0;0;0;0;0;0;0;0;0;0;0;0;0;0;0;0;0;0;0;0;0;0;0;0;0;0;0;0;0;0;0;1;0;0;0;0;0;0;0;0;0;0;0;0;0;0;0;0;0;0;0;0;0;0;0;0;0;0;0;0;0;0;0;0;0;0;0;0;0;0;0;0;0;0;0;0;0;0;0;0;0;0;0;0;0;0;0;0;0;0;0;0;0;0;0;0;0;0;0;0;0;0;0;0;0;0;0;0
Zamora Chinchipe;1904;Yacuambi;0;0;0;0;1;0;0;0;0;0;0;1;0;0;0;0;0;0;0;0;0;0;0;0;0;0;0;0;0;0;0;0;0;0;0;0;0;0;0;0;0;0;0;0;0;0;0;0;0;0;0;0;0;0;0;0;0;0;0;0;0;0;0;0;0;0;0;0;0;0;0;0;0;0;0;0;0;0;0;0;0;0;0;0;0;0;0;0;0;0;0;0;0;0;0;0;0;0;0;0;0;0;0;0;0;0;1;0;0;0;0;0;0;0;0;0;0;0;0;0;0;0;0;0;0;0;0;0;0;0;0;0;0;0;0;0;0;0;0;0;0;0;0;0;0;0
Zamora Chinchipe;1905;Yantzaza (Yanzatza);0;1;0;2;1;0;1;0;0;2;0;0;1;3;0;0;1;0;1;0;1;2;1;1;2;0;0;0;1;0;0;2;0;0;0;1;0;1;0;0;2;0;3;0;0;2;0;3;0;2;0;0;0;0;1;0;0;0;0;0;0;0;1;0;0;1;0;0;0;1;1;0;1;0;1;0;0;1;0;0;0;0;0;1;0;0;0;1;0;0;1;0;1;1;1;1;1;1;0;2;1;1;0;1;0;0;1;0;3;0;1;0;0;0;1;0;0;1;0;1;1;1;1;0;0;3;0;1;0;0;0;0;2;1;0;0;0;0;0;0;2;0;0;0;0;3
Zamora Chinchipe;1906;El Pangui;0;0;0;0;0;0;0;0;0;1;0;0;0;0;0;0;1;0;0;0;0;0;0;0;0;0;0;0;0;1;0;2;1;0;0;0;0;0;0;0;0;0;0;1;0;0;0;0;0;0;0;1;0;0;0;0;0;0;0;0;0;0;0;1;0;0;0;0;0;0;2;4;0;0;0;0;0;0;1;0;0;0;0;0;0;0;0;1;0;0;0;0;0;0;1;0;0;0;0;0;0;0;0;0;0;0;1;1;1;0;1;1;0;0;0;0;1;0;0;1;0;0;0;0;0;0;0;0;1;0;0;0;1;0;1;0;0;1;0;0;0;1;0;0;1;0
Zamora Chinchipe;1907;Centinela Del Condor;0;0;0;0;1;0;0;1;1;0;0;0;1;0;0;0;1;2;0;0;0;0;0;1;0;1;0;0;0;0;0;0;1;0;0;0;0;0;0;0;0;0;0;0;0;1;0;0;0;0;0;0;0;0;0;0;0;1;0;0;1;0;2;0;0;0;0;0;0;0;0;0;0;0;0;0;0;0;0;0;0;0;0;0;0;0;0;1;0;0;0;0;0;0;0;1;1;0;0;0;0;0;0;0;0;0;0;0;0;1;1;0;0;0;0;0;0;1;0;0;0;0;0;0;0;0;0;0;0;0;0;0;1;0;0;0;0;0;0;0;0;0;0;0;0;0
Zamora Chinchipe;1908;Palanda;0;0;0;0;0;0;0;0;0;0;0;0;0;0;0;0;1;1;0;0;0;0;0;1;0;0;2;0;0;0;0;0;0;0;0;0;0;0;0;0;0;0;0;0;0;0;2;0;0;0;1;0;0;0;0;0;0;1;0;0;0;0;0;0;0;0;0;0;0;0;0;0;0;0;1;0;0;0;0;1;0;0;0;0;0;0;0;0;0;0;0;1;0;0;1;0;0;0;0;0;0;0;0;0;0;0;0;1;0;0;0;0;0;0;0;0;0;0;0;0;0;0;0;0;0;0;0;1;0;0;0;0;0;0;0;0;0;0;0;0;1;0;0;0;0;0
Zamora Chinchipe;1909;Paquisha;0;0;0;0;0;1;1;0;0;0;0;0;0;0;1;0;0;0;0;0;0;0;0;0;0;0;1;0;0;0;0;0;1;0;0;0;0;0;0;0;0;0;0;0;0;2;0;0;0;0;0;0;0;0;0;0;0;0;0;0;0;1;0;0;0;1;0;1;0;0;0;1;1;0;0;0;1;0;0;0;0;0;0;0;0;0;0;0;0;0;0;0;0;0;0;0;0;0;0;0;0;0;0;0;0;0;0;0;0;0;1;0;0;0;0;0;0;0;0;0;0;0;0;0;0;0;0;0;0;0;2;0;1;0;0;0;0;0;0;0;0;0;0;0;1;1
Galápagos;2001;San Cristobal;1;0;1;0;0;0;0;0;1;0;0;0;0;0;0;0;0;1;0;0;0;0;0;0;1;0;0;0;0;1;0;0;0;0;0;0;0;0;0;0;0;0;0;0;0;0;0;0;0;1;0;0;0;0;0;0;0;1;0;1;0;0;0;0;0;0;0;0;0;0;0;0;0;0;0;0;0;0;0;0;0;0;0;1;0;0;0;1;0;1;0;1;1;0;0;0;0;0;0;0;0;0;0;0;1;0;0;0;0;0;1;0;0;0;3;0;1;1;0;0;0;0;1;0;0;0;0;0;0;0;0;0;0;0;0;0;0;0;0;0;0;0;0;0;0;0
Galápagos;2002;Isabela;0;0;0;0;0;0;0;0;0;0;0;0;0;0;0;0;0;0;0;0;0;0;0;0;0;0;0;0;0;0;0;0;0;0;0;0;0;0;3;0;1;0;1;0;0;0;0;0;0;0;0;0;0;0;0;0;1;0;0;0;0;0;0;0;0;0;0;0;0;0;0;0;0;0;0;0;0;0;0;0;0;1;0;0;0;0;0;1;1;0;0;0;0;0;0;0;0;0;0;0;0;1;0;0;0;0;0;0;0;0;0;0;0;0;0;0;0;0;0;0;0;0;0;0;0;0;0;0;0;0;0;0;0;0;0;0;0;0;0;0;0;0;0;0;1;0
Galápagos;2003;Santa Cruz;0;0;0;0;0;0;0;0;0;0;0;0;0;0;0;1;0;0;0;1;1;0;1;1;0;1;1;0;0;0;0;0;0;0;0;0;0;0;0;0;0;0;0;0;0;0;0;0;0;0;0;0;0;0;0;0;0;1;0;0;0;0;0;0;0;0;0;0;0;0;0;1;0;1;0;0;0;0;0;2;0;1;0;0;0;0;0;0;1;1;0;1;1;0;1;0;0;0;0;0;0;0;0;0;0;0;0;0;0;0;0;1;1;1;1;0;0;1;1;0;0;1;0;0;0;1;0;0;0;2;0;0;1;0;1;2;0;0;0;0;0;0;0;0;0;0
Sucumbíos;2101;Lago Agrio;3;3;10;10;8;6;5;11;5;8;3;7;8;10;6;3;5;5;7;11;9;7;13;2;5;8;13;6;9;5;5;6;4;4;1;9;3;3;1;4;2;6;2;6;5;6;9;8;9;5;4;3;5;5;5;9;13;8;6;11;5;6;4;7;3;6;5;4;5;8;2;3;4;5;4;1;2;3;2;3;6;3;6;4;3;3;2;1;3;3;3;1;9;4;4;5;5;2;4;3;1;3;2;1;1;2;0;6;3;8;6;3;3;4;3;4;5;1;0;1;4;4;6;5;4;3;2;5;4;1;3;2;2;2;9;3;0;0;1;2;2;3;4;2;2;3
Sucumbíos;2102;Gonzalo Pizarro;0;0;0;0;0;0;0;0;1;0;0;0;0;0;0;1;0;0;0;0;0;0;1;0;1;0;0;0;0;1;0;0;0;0;0;0;0;0;0;0;0;1;0;0;0;1;0;0;0;0;0;0;1;0;1;2;1;0;0;0;0;1;0;0;0;0;0;1;0;0;0;1;0;0;0;0;0;0;0;0;0;0;0;0;0;0;0;0;0;0;0;0;1;0;0;0;0;0;0;0;0;1;0;1;0;0;0;0;0;0;0;0;0;1;0;0;0;0;0;0;0;0;1;1;0;0;1;0;0;0;0;0;0;0;1;0;0;0;0;0;0;0;0;0;0;0
Sucumbíos;2103;Putumayo;0;0;0;0;0;0;0;0;0;0;0;0;0;0;0;0;0;0;0;0;0;0;0;0;0;0;1;0;0;0;0;0;0;0;0;0;0;0;0;0;0;0;0;0;0;0;1;0;0;0;0;0;0;1;0;0;0;0;0;0;0;0;0;0;1;0;0;1;0;0;0;0;0;0;0;0;0;0;0;0;0;0;0;0;0;0;0;0;0;0;1;0;0;0;0;0;0;0;0;0;0;0;0;0;0;0;0;0;0;0;0;0;0;0;0;1;1;0;1;0;2;0;0;0;0;0;0;0;0;0;0;1;0;0;0;0;0;0;0;0;0;0;0;0;0;0
Sucumbíos;2104;Shushufindi;1;0;3;2;2;0;1;0;3;1;1;0;3;1;1;1;1;3;2;1;1;0;1;2;0;0;5;1;0;0;1;0;1;1;0;3;3;2;2;0;1;1;0;2;2;1;1;3;0;3;0;2;2;1;0;5;0;0;2;3;1;1;1;0;0;3;1;1;1;1;0;2;0;3;0;0;1;2;0;0;0;1;1;0;0;1;4;1;1;0;0;2;0;1;1;2;0;1;1;2;3;2;0;1;1;0;1;0;0;0;0;3;3;1;2;4;2;2;0;2;0;0;2;1;2;1;0;2;0;4;1;1;0;0;1;2;0;0;0;0;1;1;1;1;0;0
Sucumbíos;2105;Sucumbios;0;0;0;0;0;0;0;0;0;0;0;0;0;0;0;0;0;0;0;0;0;0;0;0;0;0;0;0;0;0;0;0;0;0;0;0;0;0;0;0;0;0;0;0;0;0;0;0;0;0;0;0;0;0;0;0;0;1;0;0;0;0;0;0;0;0;0;0;0;0;0;0;0;0;0;0;0;0;0;0;0;0;0;0;0;0;0;0;0;0;0;0;0;0;0;0;0;0;0;0;0;0;0;0;0;0;0;0;0;0;0;0;0;0;0;0;0;0;0;0;0;0;0;0;0;0;0;0;0;0;0;0;0;0;0;0;0;0;0;0;0;0;0;0;1;0
Sucumbíos;2106;Cascales;2;2;0;0;0;0;0;0;0;0;0;0;0;0;1;0;0;0;0;0;0;0;0;0;0;1;0;1;0;0;0;0;0;0;0;0;0;1;0;0;0;0;0;0;0;1;1;0;0;1;0;1;0;0;0;0;0;0;0;0;0;0;0;0;0;1;0;0;0;0;0;0;0;0;0;0;0;0;0;0;0;0;0;1;0;0;0;0;0;0;0;0;0;0;0;0;0;0;0;0;0;0;0;1;1;0;0;0;0;0;0;0;0;0;0;0;0;0;0;0;1;0;0;0;0;0;0;0;0;0;0;0;0;0;0;1;0;0;0;0;0;0;0;0;0;0
Sucumbíos;2107;Cuyabeno;0;0;0;0;0;0;0;0;0;1;0;1;0;0;0;0;0;0;1;1;0;0;1;0;0;0;1;0;1;0;0;1;0;0;1;0;0;0;0;1;0;0;0;0;0;0;0;0;0;0;0;0;0;0;0;0;0;0;0;0;0;0;0;0;0;0;1;0;3;0;0;0;0;1;0;0;0;0;0;0;0;0;0;0;0;0;0;0;0;0;0;0;0;0;0;0;0;0;0;0;0;1;1;0;1;0;0;0;0;0;2;0;1;0;0;1;0;0;0;3;0;0;0;0;0;0;0;0;0;0;0;0;0;0;0;0;0;0;0;0;0;0;0;0;0;0
Orellana;2201;Orellana;11;8;4;3;6;6;8;5;6;6;4;8;10;4;4;7;4;12;10;9;6;2;5;6;5;2;7;5;6;9;10;5;7;5;6;6;6;6;4;6;5;4;1;2;5;8;5;3;2;6;2;1;4;8;7;5;3;8;8;3;1;6;1;6;7;8;5;7;7;7;8;3;4;5;2;0;2;1;3;4;4;4;1;8;5;4;3;3;2;4;1;4;2;3;8;6;2;4;2;2;1;6;1;5;4;1;5;5;5;1;8;6;4;4;4;1;7;2;3;4;9;4;2;4;8;3;2;2;5;4;4;2;1;4;9;1;0;0;2;2;2;2;2;2;0;3
Orellana;2202;Aguarico;0;0;0;0;1;0;0;0;0;0;0;0;0;0;0;0;0;0;0;1;0;0;0;0;0;0;0;0;0;0;0;1;0;0;0;0;0;0;0;0;0;0;0;0;0;0;0;0;0;0;0;0;0;0;0;0;0;0;0;0;0;0;0;0;0;0;0;0;1;0;0;0;0;0;0;0;0;1;0;0;0;0;0;0;0;0;0;0;0;0;0;0;0;0;0;1;0;0;0;1;0;0;0;0;0;0;0;0;0;0;0;0;0;0;0;0;0;0;0;2;0;0;0;0;0;0;0;0;0;0;0;0;0;0;0;0;0;0;0;0;0;0;0;0;0;0
Orellana;2203;La Joya De Los Sachas;4;1;1;1;0;1;1;1;0;3;1;1;0;2;2;1;0;0;1;1;0;0;1;4;0;0;2;0;0;1;1;1;0;4;1;0;0;0;0;0;0;2;1;1;2;1;2;1;2;2;1;0;0;0;0;1;1;1;3;2;0;0;0;1;1;1;0;0;0;0;2;1;1;0;1;1;1;0;0;0;2;4;2;0;1;4;1;0;0;2;1;3;0;1;1;0;0;0;2;0;0;0;2;0;0;0;1;4;1;0;1;4;1;2;1;1;2;0;1;1;2;1;0;0;1;2;4;3;0;0;0;2;1;1;0;1;0;2;3;1;1;2;2;1;1;3
Orellana;2204;Loreto;0;1;1;0;0;2;1;0;1;0;0;0;3;1;0;0;0;2;1;0;1;1;0;2;2;0;0;0;0;1;1;1;0;1;2;2;0;2;2;0;1;1;0;0;2;0;1;3;1;0;0;0;1;2;1;0;0;0;0;2;0;0;0;0;1;2;1;1;0;1;0;2;1;0;0;0;0;0;0;2;0;0;1;1;1;1;0;0;1;0;0;3;0;0;0;0;1;1;1;2;0;0;0;0;0;0;0;0;0;1;2;1;0;0;1;0;1;0;1;0;0;0;0;1;0;1;1;2;0;1;0;0;0;0;0;0;1;1;0;4;2;2;2;0;1;0
Santo Domingo De Los Tsáchilas;2301;Santo Domingo;37;24;34;30;20;26;18;23;17;22;11;30;29;25;20;17;24;14;16;20;15;16;19;11;27;19;16;26;7;18;20;31;23;13;21;19;21;24;19;30;32;27;9;11;10;17;11;16;15;32;27;17;24;18;15;14;14;10;14;22;18;23;20;14;18;19;16;19;16;14;25;14;12;18;9;8;6;15;15;11;15;14;15;8;13;14;23;16;18;16;12;17;12;12;13;12;16;18;18;13;10;22;28;16;22;14;11;16;9;7;4;9;12;3;4;2;6;6;5;6;3;6;1;3;4;3;3;2;1;3;3;3;3;2;3;2;2;1;2;1;1;4;2;2;1;3
Santo Domingo De Los Tsáchilas;2302;La Concordia;4;1;2;0;0;3;0;0;0;2;1;5;2;1;0;0;1;1;1;3;4;4;1;3;1;0;1;1;1;3;0;0;2;7;1;1;1;2;1;0;1;4;0;0;4;1;0;3;4;2;0;0;5;1;1;5;3;3;0;1;3;1;0;2;1;1;0;1;0;2;0;0;2;0;0;2;1;1;1;1;1;3;2;0;3;0;3;1;0;3;0;3;1;4;1;1;0;1;1;1;5;3;3;0;1;4;3;3;0;0;4;1;1;1;0;0;3;2;0;2;1;1;0;6;0;0;0;1;1;0;0;3;0;1;0;0;0;2;1;1;0;1;1;1;0;1
Santa Elena;2401;Santa Elena;0;2;4;6;3;4;0;3;4;4;3;1;0;1;0;2;3;2;4;5;3;2;5;1;1;6;4;1;0;4;3;3;6;0;1;1;3;0;5;3;5;2;0;2;3;4;0;2;1;2;4;1;2;1;4;0;3;3;3;4;3;1;2;2;5;0;1;3;7;6;2;1;2;1;1;0;2;0;1;2;1;2;0;1;1;0;2;1;1;0;0;1;1;0;2;2;0;3;4;1;1;0;1;2;0;1;3;3;7;1;5;3;11;8;12;3;7;6;9;5;5;5;8;5;1;3;4;5;0;5;3;6;4;8;1;5;5;5;4;5;4;2;4;3;1;1
Santa Elena;2402;La Libertad;8;12;8;7;5;3;3;2;1;2;2;8;2;5;9;8;2;5;6;2;4;5;2;6;2;4;2;4;4;3;5;6;3;0;3;4;3;3;3;5;4;2;1;5;7;4;2;1;3;3;2;5;2;2;7;10;5;2;5;6;6;3;7;5;11;6;4;6;9;4;5;5;4;1;2;4;0;0;3;4;3;4;2;3;1;10;7;4;7;3;4;6;4;2;3;6;5;8;4;6;2;2;2;2;5;10;13;3;3;3;3;1;5;13;4;4;4;5;3;2;4;1;8;5;3;5;3;5;2;8;10;4;3;3;8;6;3;4;5;1;4;2;6;2;2;2
Santa Elena;2403;Salinas;5;0;0;5;7;1;1;2;0;2;1;1;2;1;1;2;2;0;2;3;1;4;1;1;2;1;2;1;5;1;3;4;6;5;2;4;3;3;6;4;3;3;2;2;0;3;0;3;2;2;3;2;1;4;3;0;0;3;1;0;1;3;2;4;0;1;4;7;1;2;1;3;3;0;1;0;1;0;1;0;1;0;0;3;4;2;3;0;0;4;2;1;1;1;2;3;3;2;1;1;1;3;1;3;6;2;7;3;15;9;7;6;11;11;10;11;20;8;9;8;11;8;7;3;0;2;2;2;7;4;2;1;7;1;3;5;4;4;3;7;3;2;3;0;1;3
Total Nacional;;Total Nacional;704;588;668;619;570;528;579;562;604;611;548;577;701;561;649;598;588;603;657;703;664;641;609;643;558;564;557;547;549;550;526;464;476;467;410;480;423;445;515;480;556;444;390;453;451;504;421;398;393;406;457;434;417;422;444;405;394;395;482;458;461;489;481;411;439;422;439;452;494;613;508;522;485;410;271;221;195;281;364;337;359;377;390;388;418;403;426;409;343;332;403;403;361;382;457;520;413;404;471;467;426;427;433;440;468;466;476;462;517;474;584;455;482;484;445;394;452;482;529;496;438;375;425;440;366;354;365;365;338;415;416;384;354;307;342;324;317;303;281;276;299;341;310;329;311;266
